Id,DisplayName,Username,MailNickname,CreatedDateTime
382ca965-2392-488a-b032-7d96b0a00e87,Opal-User-1,Opal-User-1@dev.platform.hmcts.net,,
de0f6566-863d-4365-932a-0563adcccdbb,Opal-User-2,Opal-User-2@dev.platform.hmcts.net,,
76c136ec-ea0c-45f4-80c6-34bab8e9f792,Opal-User-3,Opal-User-3@dev.platform.hmcts.net,,
8d492c88-2fdc-4ac2-a359-553168590153,Opal-User-4,Opal-User-4@dev.platform.hmcts.net,,
6ce3e1f1-4706-4a6c-a1e2-bfd91e628b2e,Opal-User-5,Opal-User-5@dev.platform.hmcts.net,,
b148d55a-c3ed-4c99-8d21-b9cb4504f076,Opal-User-6,Opal-User-6@dev.platform.hmcts.net,,
877cbfbf-6513-406b-b0d8-27b5492c4d75,Opal-User-7,Opal-User-7@dev.platform.hmcts.net,,
00c63356-c8c2-43e4-bead-3954bface2ec,Opal-User-8,Opal-User-8@dev.platform.hmcts.net,,
66ec06e8-c6bb-492e-9a51-f2cd55b8781e,Opal-User-9,Opal-User-9@dev.platform.hmcts.net,,
90f22862-403a-4011-8f46-f54e12e1477c,Opal-User-10,Opal-User-10@dev.platform.hmcts.net,,
c02aff11-ef30-4569-bfd8-20dc8b86037a,Opal-User-11,Opal-User-11@dev.platform.hmcts.net,,
868ee15e-a03c-4ec2-865c-4ce530624ac1,Opal-User-12,Opal-User-12@dev.platform.hmcts.net,,
b2f2f83b-990e-4a5c-ae81-0ab5e81c6e28,Opal-User-13,Opal-User-13@dev.platform.hmcts.net,,
86e1fea7-d86b-499a-8c1b-2872c4cbe174,Opal-User-14,Opal-User-14@dev.platform.hmcts.net,,
bde1afd4-a6b4-4b7c-a51e-b967836c7493,Opal-User-15,Opal-User-15@dev.platform.hmcts.net,,
09247f31-4c36-4d2c-8db8-bc06c81b7896,Opal-User-16,Opal-User-16@dev.platform.hmcts.net,,
56d8c57c-6341-4f0e-b2c1-2d3ffab3bf8b,Opal-User-17,Opal-User-17@dev.platform.hmcts.net,,
7da80c07-2fa3-4d1f-9f25-d966f60e9191,Opal-User-18,Opal-User-18@dev.platform.hmcts.net,,
19871101-abd2-49fc-a4ee-8594f21cf159,Opal-User-19,Opal-User-19@dev.platform.hmcts.net,,
35fad182-e575-41d3-8857-fe8623576c1e,Opal-User-20,Opal-User-20@dev.platform.hmcts.net,,
9132bfc6-9afb-497c-8c93-93e5c22f4f33,Opal-User-21,Opal-User-21@dev.platform.hmcts.net,,
88cd4e4e-3290-4451-914b-6b4cf8b4efc9,Opal-User-22,Opal-User-22@dev.platform.hmcts.net,,
3244fa26-58bb-4b9a-8edb-9753df1dc6a2,Opal-User-23,Opal-User-23@dev.platform.hmcts.net,,
4b98d4e9-e101-4eb1-bda2-e51249516c04,Opal-User-24,Opal-User-24@dev.platform.hmcts.net,,
dcb9c4f9-c3bb-4466-9ea9-a30e0950856b,Opal-User-25,Opal-User-25@dev.platform.hmcts.net,,
f1dd3cf9-cc66-4c13-8b40-cb5533c324f4,Opal-User-26,Opal-User-26@dev.platform.hmcts.net,,
ffae7b51-1e0c-437a-b68e-da4d8dd8ed71,Opal-User-27,Opal-User-27@dev.platform.hmcts.net,,
46fb2768-80f7-47c0-8755-aba32c92b24a,Opal-User-28,Opal-User-28@dev.platform.hmcts.net,,
0271487b-a8eb-40e0-baec-22a261e2a4ac,Opal-User-29,Opal-User-29@dev.platform.hmcts.net,,
1385e3c7-cdb7-4ca2-b184-bf561b7eb5ab,Opal-User-30,Opal-User-30@dev.platform.hmcts.net,,
2dd720a0-b598-4ab4-b654-190d63bd1dfb,Opal-User-31,Opal-User-31@dev.platform.hmcts.net,,
75b08f6e-4c3e-4a72-bb74-2c489ee3a8f7,Opal-User-32,Opal-User-32@dev.platform.hmcts.net,,
c402549f-eb18-4c4d-a804-07665934791d,Opal-User-33,Opal-User-33@dev.platform.hmcts.net,,
6863560a-5412-41ae-9df6-82804d532376,Opal-User-34,Opal-User-34@dev.platform.hmcts.net,,
c4dc52f6-df0b-411c-b0ad-5ff00e459518,Opal-User-35,Opal-User-35@dev.platform.hmcts.net,,
ed8e756d-b3fd-445d-a239-523c43b9738c,Opal-User-36,Opal-User-36@dev.platform.hmcts.net,,
b82ddaec-63b4-431a-a8d4-036acc174ba4,Opal-User-37,Opal-User-37@dev.platform.hmcts.net,,
6c50722b-11e7-428f-985f-2c10e07546b5,Opal-User-38,Opal-User-38@dev.platform.hmcts.net,,
743e76ca-1cb1-4878-b257-bc609427bb05,Opal-User-39,Opal-User-39@dev.platform.hmcts.net,,
ad02447c-1e0c-4959-bfc7-49e6a0adfd87,Opal-User-40,Opal-User-40@dev.platform.hmcts.net,,
88119ba6-5619-423a-a006-812d83f68142,Opal-User-41,Opal-User-41@dev.platform.hmcts.net,,
99a48b94-2b4e-456c-b023-783758096a19,Opal-User-42,Opal-User-42@dev.platform.hmcts.net,,
cd2dc4e7-cd41-44c5-9b6d-e5c97650aeac,Opal-User-43,Opal-User-43@dev.platform.hmcts.net,,
e73ce5ac-7b58-4430-9af5-a691eb7a1264,Opal-User-44,Opal-User-44@dev.platform.hmcts.net,,
d3c2c2d1-83f9-42a7-b7f3-4afda8b41b9a,Opal-User-45,Opal-User-45@dev.platform.hmcts.net,,
9ceea31e-9116-42cc-907f-eb49775575c2,Opal-User-46,Opal-User-46@dev.platform.hmcts.net,,
aced37c4-b993-474c-96a2-5d0d03f4091e,Opal-User-47,Opal-User-47@dev.platform.hmcts.net,,
7c86a3a9-7798-404b-8631-58510d8e82a2,Opal-User-48,Opal-User-48@dev.platform.hmcts.net,,
8ad05eca-1c10-4c06-ba62-8feedf911f37,Opal-User-49,Opal-User-49@dev.platform.hmcts.net,,
804348ae-fc5f-48af-8476-9248457e0e8c,Opal-User-50,Opal-User-50@dev.platform.hmcts.net,,
eb0467cb-e83a-4a76-82d6-ead3be124cd6,Opal-User-51,Opal-User-51@dev.platform.hmcts.net,,
b5b937b3-b400-4048-80ea-2d50462d57c2,Opal-User-52,Opal-User-52@dev.platform.hmcts.net,,
9afb7dd5-d8c3-4d87-96c3-ef8daa8652e4,Opal-User-53,Opal-User-53@dev.platform.hmcts.net,,
623657b9-98ae-4853-abc4-954d96610fce,Opal-User-54,Opal-User-54@dev.platform.hmcts.net,,
ac84b7ef-a164-4b26-9f4e-6b23c863e749,Opal-User-55,Opal-User-55@dev.platform.hmcts.net,,
f237f311-1742-4f87-b84e-ace92a04677c,Opal-User-56,Opal-User-56@dev.platform.hmcts.net,,
edbcff0d-7632-4685-aeb4-3abdcae7e242,Opal-User-57,Opal-User-57@dev.platform.hmcts.net,,
6f1beafa-20b1-4f07-a9cf-98e179a7075d,Opal-User-58,Opal-User-58@dev.platform.hmcts.net,,
0915e0db-3e24-412c-877e-463703cb3187,Opal-User-59,Opal-User-59@dev.platform.hmcts.net,,
da44d8a8-515b-427a-9397-b0cb9a6903e4,Opal-User-60,Opal-User-60@dev.platform.hmcts.net,,
3f82dea5-655c-4b11-83be-55d56b2a8022,Opal-User-61,Opal-User-61@dev.platform.hmcts.net,,
34a02012-0d98-4a04-a57e-7553add4313e,Opal-User-62,Opal-User-62@dev.platform.hmcts.net,,
352da193-1918-4736-bdb0-a7da461d0b92,Opal-User-63,Opal-User-63@dev.platform.hmcts.net,,
75d2bd87-5037-4695-8873-cc7370fd322f,Opal-User-64,Opal-User-64@dev.platform.hmcts.net,,
b7e7ac16-3698-4aeb-8d55-df0aa03a9e15,Opal-User-65,Opal-User-65@dev.platform.hmcts.net,,
41024cb5-113e-4b75-985d-991b760b8c60,Opal-User-66,Opal-User-66@dev.platform.hmcts.net,,
43e15603-0014-4b99-bc5f-dca8a00adbc4,Opal-User-67,Opal-User-67@dev.platform.hmcts.net,,
8159f7e9-3e49-4dd0-8f2e-cd0adf0ba661,Opal-User-68,Opal-User-68@dev.platform.hmcts.net,,
9682406e-4075-4c3d-afe2-7331365b40c5,Opal-User-69,Opal-User-69@dev.platform.hmcts.net,,
61209796-65da-4de4-9d75-7c6aaffdd542,Opal-User-70,Opal-User-70@dev.platform.hmcts.net,,
6709dc45-9ba0-4677-9a53-629840e8c16f,Opal-User-71,Opal-User-71@dev.platform.hmcts.net,,
5bda2e58-3e65-43df-9a5e-a5a515509f1f,Opal-User-72,Opal-User-72@dev.platform.hmcts.net,,
7c4546fd-7039-462f-b9d6-db386c787b36,Opal-User-73,Opal-User-73@dev.platform.hmcts.net,,
5b5add87-1b84-4d68-b545-02cd745eb8c5,Opal-User-74,Opal-User-74@dev.platform.hmcts.net,,
3d70ea27-43c7-4dd5-9252-660b8e502e6a,Opal-User-75,Opal-User-75@dev.platform.hmcts.net,,
87952b31-ec25-4fb6-9675-ab2421a1c02d,Opal-User-76,Opal-User-76@dev.platform.hmcts.net,,
89fb38f2-c72b-44e0-92f6-5f95bca1cc3d,Opal-User-77,Opal-User-77@dev.platform.hmcts.net,,
4c15aaa9-985d-49af-ad60-2c9cabe78404,Opal-User-78,Opal-User-78@dev.platform.hmcts.net,,
1158d9ce-9fe7-4121-9933-8cca3cd0ca85,Opal-User-79,Opal-User-79@dev.platform.hmcts.net,,
68204e9a-25e4-4b5a-b0cc-9a44b3c740a5,Opal-User-80,Opal-User-80@dev.platform.hmcts.net,,
cddaa721-1b74-4d7b-aa89-8820e1bf9937,Opal-User-81,Opal-User-81@dev.platform.hmcts.net,,
76865e40-46aa-416e-95a4-c2d6c2747958,Opal-User-82,Opal-User-82@dev.platform.hmcts.net,,
a296d1c4-2a18-4222-8ce3-ed33d22f5576,Opal-User-83,Opal-User-83@dev.platform.hmcts.net,,
9527e864-1f0b-4b2e-82c8-11f09d5b5ef5,Opal-User-84,Opal-User-84@dev.platform.hmcts.net,,
f231a7e4-9602-4334-9803-417f6dd0c9e6,Opal-User-85,Opal-User-85@dev.platform.hmcts.net,,
358fcfe8-f88b-41b3-859f-74239e0866ad,Opal-User-86,Opal-User-86@dev.platform.hmcts.net,,
82e5d0e1-c971-4bbd-b1ea-3db49ff8ac8f,Opal-User-87,Opal-User-87@dev.platform.hmcts.net,,
aeaf49bf-57aa-4bac-8085-a6fea5b373b3,Opal-User-88,Opal-User-88@dev.platform.hmcts.net,,
f2ee4233-9e06-4030-9946-c5c35441af38,Opal-User-89,Opal-User-89@dev.platform.hmcts.net,,
e27cbc3c-25fd-42eb-b515-e3bf7ba232a9,Opal-User-90,Opal-User-90@dev.platform.hmcts.net,,
8eef919d-1e24-4707-b6ff-2f66f768d42d,Opal-User-91,Opal-User-91@dev.platform.hmcts.net,,
04cc4091-9300-4b07-adc8-f79c3c8c9bea,Opal-User-92,Opal-User-92@dev.platform.hmcts.net,,
fa23b628-61e1-4069-8c7e-2c0f727bac10,Opal-User-93,Opal-User-93@dev.platform.hmcts.net,,
b19220be-c51e-4cd3-9276-e33f04e597a7,Opal-User-94,Opal-User-94@dev.platform.hmcts.net,,
3d04c702-890a-42ac-871c-4bf417fe71bf,Opal-User-95,Opal-User-95@dev.platform.hmcts.net,,
965685f1-569d-49ed-8f61-95cbaba69960,Opal-User-96,Opal-User-96@dev.platform.hmcts.net,,
f621307f-afc4-4390-8303-49ea63c12a4e,Opal-User-97,Opal-User-97@dev.platform.hmcts.net,,
2d8df061-7ffa-49a7-929a-c332847a42cc,Opal-User-98,Opal-User-98@dev.platform.hmcts.net,,
0a8d35fb-a475-4e9a-ab08-c4ead5d7ff0c,Opal-User-99,Opal-User-99@dev.platform.hmcts.net,,
f2712fbe-cca2-480c-b273-0ce45a5e32dd,Opal-User-100,Opal-User-100@dev.platform.hmcts.net,,
73660de4-6b9a-44ab-8e7c-f83e5d5a2f16,Opal-User-101,Opal-User-101@dev.platform.hmcts.net,,
a9c3d76b-a854-4a71-b0a8-af321c6220d2,Opal-User-102,Opal-User-102@dev.platform.hmcts.net,,
9bd12e82-fc53-43e6-9475-64739dcf20c2,Opal-User-103,Opal-User-103@dev.platform.hmcts.net,,
70db8d6c-6f7e-48ef-a7d5-a00835fb2ecb,Opal-User-104,Opal-User-104@dev.platform.hmcts.net,,
30d4e5e9-1366-44ce-aa3c-dc0fd7b7d30e,Opal-User-105,Opal-User-105@dev.platform.hmcts.net,,
76c1a234-e463-41c5-91b3-9ffbc9446251,Opal-User-106,Opal-User-106@dev.platform.hmcts.net,,
f0b726b1-dee2-4f36-8d58-99826e9ca3cc,Opal-User-107,Opal-User-107@dev.platform.hmcts.net,,
00d80129-0b66-4174-9692-10c762138715,Opal-User-108,Opal-User-108@dev.platform.hmcts.net,,
6b8b11bb-a955-4da8-bc07-a8d3c4fb720c,Opal-User-109,Opal-User-109@dev.platform.hmcts.net,,
c74096d0-e5e0-4a83-97d5-e8f42f75baa4,Opal-User-110,Opal-User-110@dev.platform.hmcts.net,,
7a201ad8-a2b3-441a-acc2-dc6bb23b1e00,Opal-User-111,Opal-User-111@dev.platform.hmcts.net,,
93c898e9-3317-4ae8-a94f-cab2fb99bc26,Opal-User-112,Opal-User-112@dev.platform.hmcts.net,,
bd0d6dc5-098d-467c-8eb3-615c7be216cf,Opal-User-113,Opal-User-113@dev.platform.hmcts.net,,
b37ac2b5-74f4-4108-ac8c-039ccf93035a,Opal-User-114,Opal-User-114@dev.platform.hmcts.net,,
7f89d80a-f90b-4fe2-a681-bcae348fd3aa,Opal-User-115,Opal-User-115@dev.platform.hmcts.net,,
cc89f570-3f22-4fbf-9090-725578c7a081,Opal-User-116,Opal-User-116@dev.platform.hmcts.net,,
4d03303e-47c6-463b-8e63-1bef54b66022,Opal-User-117,Opal-User-117@dev.platform.hmcts.net,,
1ebdd316-9a19-47b2-82f2-f0eec769be0a,Opal-User-118,Opal-User-118@dev.platform.hmcts.net,,
e53610ad-d3a8-47da-af1f-df68919af92c,Opal-User-119,Opal-User-119@dev.platform.hmcts.net,,
eb9bc5ed-e46b-447a-bd6b-184cd1967552,Opal-User-120,Opal-User-120@dev.platform.hmcts.net,,
5671b408-548c-409e-a2cd-5d9c7c3a5ee2,Opal-User-121,Opal-User-121@dev.platform.hmcts.net,,
fecb7782-2172-4fe1-a5a1-eeed6cc67510,Opal-User-122,Opal-User-122@dev.platform.hmcts.net,,
5c4fdd01-757c-425d-897c-5c3315c70422,Opal-User-123,Opal-User-123@dev.platform.hmcts.net,,
15fbe354-23c3-480a-ac84-f99fe29ee632,Opal-User-124,Opal-User-124@dev.platform.hmcts.net,,
eb0a74a8-0ca5-4700-bbc0-6cb2e8f69ffc,Opal-User-125,Opal-User-125@dev.platform.hmcts.net,,
cfbb6210-3414-4301-ad3a-3745a04442cd,Opal-User-126,Opal-User-126@dev.platform.hmcts.net,,
15cfc0fd-2925-464b-97a8-6c8df93d19e1,Opal-User-127,Opal-User-127@dev.platform.hmcts.net,,
fb59c43a-e844-4ac9-9a18-6b5679411107,Opal-User-128,Opal-User-128@dev.platform.hmcts.net,,
c2003775-b07e-47ff-94a3-e8b84f7d06f6,Opal-User-129,Opal-User-129@dev.platform.hmcts.net,,
b7fcb3c3-fd89-44a5-9b46-1c139e4e8348,Opal-User-130,Opal-User-130@dev.platform.hmcts.net,,
9572fbf7-9592-49de-a105-7f2c3bd7ecc7,Opal-User-131,Opal-User-131@dev.platform.hmcts.net,,
567655dc-fad5-48a4-b03f-e7396cf75018,Opal-User-132,Opal-User-132@dev.platform.hmcts.net,,
a55b57f3-be34-4cc2-8606-88337cf51a4d,Opal-User-133,Opal-User-133@dev.platform.hmcts.net,,
669f2bdd-1059-45cd-9d32-89e94ba83f5e,Opal-User-134,Opal-User-134@dev.platform.hmcts.net,,
01ea1048-f404-42eb-a6e3-2a223d2a1906,Opal-User-135,Opal-User-135@dev.platform.hmcts.net,,
702311f5-cf2c-4a33-9ebe-1495fa02aec2,Opal-User-136,Opal-User-136@dev.platform.hmcts.net,,
3a39ada0-19dc-46c6-bf48-776baabacfc2,Opal-User-137,Opal-User-137@dev.platform.hmcts.net,,
84695305-6604-446d-bf7a-3a02983a24ee,Opal-User-138,Opal-User-138@dev.platform.hmcts.net,,
27f90ea1-5b89-4c58-8f62-184fdd3f9d24,Opal-User-139,Opal-User-139@dev.platform.hmcts.net,,
01e962c3-2d58-4219-8adb-8ebc1f02a45a,Opal-User-140,Opal-User-140@dev.platform.hmcts.net,,
ee3f9a13-bd20-4848-beb1-b84498bde91c,Opal-User-141,Opal-User-141@dev.platform.hmcts.net,,
7631f3c9-b06c-4b3b-b341-0351051e3c1c,Opal-User-142,Opal-User-142@dev.platform.hmcts.net,,
24bf2ecd-35bb-4bd3-a50e-9b18da8489f2,Opal-User-143,Opal-User-143@dev.platform.hmcts.net,,
b97dbaa2-654d-4d6d-99f5-206024bfcb91,Opal-User-144,Opal-User-144@dev.platform.hmcts.net,,
34155aca-a08d-4ed8-82e8-f24aa2b58b09,Opal-User-145,Opal-User-145@dev.platform.hmcts.net,,
77389f0c-4607-4411-a131-fcb29241a136,Opal-User-146,Opal-User-146@dev.platform.hmcts.net,,
4dd6fdf8-a558-42e7-90dd-8b1de159c6ac,Opal-User-147,Opal-User-147@dev.platform.hmcts.net,,
eac67824-2198-43a3-8389-d1a75bfe71b8,Opal-User-148,Opal-User-148@dev.platform.hmcts.net,,
ff8824a1-f02e-4d06-9e0a-5d7efe7a6e00,Opal-User-149,Opal-User-149@dev.platform.hmcts.net,,
92fa3ba8-89ec-4528-9771-3732770814d5,Opal-User-150,Opal-User-150@dev.platform.hmcts.net,,
0c0c2793-a44b-4eda-99b4-2027fdc4cbee,Opal-User-151,Opal-User-151@dev.platform.hmcts.net,,
2b379776-4fcf-442e-b07e-cbe6f51baa73,Opal-User-152,Opal-User-152@dev.platform.hmcts.net,,
af8a1e2f-891a-4ef3-9888-bca9f7252cbe,Opal-User-153,Opal-User-153@dev.platform.hmcts.net,,
25970ecb-f5db-4e42-8b5d-b14fb4e8edf6,Opal-User-154,Opal-User-154@dev.platform.hmcts.net,,
9dbdb098-e420-41f1-a6e5-d17f743b4cf9,Opal-User-155,Opal-User-155@dev.platform.hmcts.net,,
40ee010b-9a24-4998-9df9-12a0967a31d2,Opal-User-156,Opal-User-156@dev.platform.hmcts.net,,
12c6c378-ea01-4d8f-9c6e-3266963c1114,Opal-User-157,Opal-User-157@dev.platform.hmcts.net,,
33057cd3-f345-4850-8bc9-e8a754a54b99,Opal-User-158,Opal-User-158@dev.platform.hmcts.net,,
52d4651e-265b-4cc4-9cac-3ce03d7ed172,Opal-User-159,Opal-User-159@dev.platform.hmcts.net,,
e46cc933-08c5-401a-a138-356032910d43,Opal-User-160,Opal-User-160@dev.platform.hmcts.net,,
fd83790d-0a07-454a-a5bd-7b627dac2b9c,Opal-User-161,Opal-User-161@dev.platform.hmcts.net,,
53450b86-bf71-4759-be98-3550dfc01f3e,Opal-User-162,Opal-User-162@dev.platform.hmcts.net,,
6e476657-26d7-49af-8b69-3e6c1b088137,Opal-User-163,Opal-User-163@dev.platform.hmcts.net,,
c9bd84b0-af9f-4d19-addd-bc992f66353c,Opal-User-164,Opal-User-164@dev.platform.hmcts.net,,
797dea64-6a8d-44eb-996d-38ed3c3ac9ba,Opal-User-165,Opal-User-165@dev.platform.hmcts.net,,
169c0ecf-6dcb-44fe-8db3-6fe222c9d736,Opal-User-166,Opal-User-166@dev.platform.hmcts.net,,
3a1cea13-c4f7-43f4-b14b-426703226d49,Opal-User-167,Opal-User-167@dev.platform.hmcts.net,,
27090c07-69fd-45e2-858a-e10a73ab42a3,Opal-User-168,Opal-User-168@dev.platform.hmcts.net,,
84d73aff-6b1f-4865-bd6b-8698c0c04415,Opal-User-169,Opal-User-169@dev.platform.hmcts.net,,
c8ebf6d3-7455-4ac8-b2c5-250406dd50bb,Opal-User-170,Opal-User-170@dev.platform.hmcts.net,,
063f9a0a-75c1-4f3c-b19d-107a594bbcb2,Opal-User-171,Opal-User-171@dev.platform.hmcts.net,,
e036dad1-ba72-490f-9f17-cbf4ac707a13,Opal-User-172,Opal-User-172@dev.platform.hmcts.net,,
95c8e4f5-655c-43c0-ab50-e856713da6e8,Opal-User-173,Opal-User-173@dev.platform.hmcts.net,,
2c9d9e7e-85d5-4198-ba7c-6a6c72955d2c,Opal-User-174,Opal-User-174@dev.platform.hmcts.net,,
a0bb9b0e-4e8b-4773-aa3e-f75bd78cc049,Opal-User-175,Opal-User-175@dev.platform.hmcts.net,,
d7cd91c9-d16c-4cf7-9e05-e81f7a50215a,Opal-User-176,Opal-User-176@dev.platform.hmcts.net,,
1f9ea144-b2e1-40ed-a39c-831f2a11dc26,Opal-User-177,Opal-User-177@dev.platform.hmcts.net,,
d24953ca-b464-447f-8099-a55e07c29a97,Opal-User-178,Opal-User-178@dev.platform.hmcts.net,,
8162bd28-549f-456c-be25-a10fa3ebea3f,Opal-User-179,Opal-User-179@dev.platform.hmcts.net,,
db6caa7d-51fd-4c7a-9c50-bc53ed098b3e,Opal-User-180,Opal-User-180@dev.platform.hmcts.net,,
70d1cfb5-a151-461a-8901-ee6c6150f592,Opal-User-181,Opal-User-181@dev.platform.hmcts.net,,
b4d01bba-3b8a-4ba0-8cb3-9c7d912433ca,Opal-User-182,Opal-User-182@dev.platform.hmcts.net,,
f933111d-9715-4b84-8e9d-963687c44181,Opal-User-183,Opal-User-183@dev.platform.hmcts.net,,
4e65c0ba-54ac-4585-98fa-567df4e17aae,Opal-User-184,Opal-User-184@dev.platform.hmcts.net,,
9a50dcfb-7c03-4260-a8ae-8a20f6c4e7a5,Opal-User-185,Opal-User-185@dev.platform.hmcts.net,,
8102f1d4-e20f-4911-b89e-7c1d7c36c414,Opal-User-186,Opal-User-186@dev.platform.hmcts.net,,
4fa1ff1e-516a-4506-8cf3-216f5a8a4b2a,Opal-User-187,Opal-User-187@dev.platform.hmcts.net,,
ba6fe6dd-5e27-46a2-8b40-0041c4d1e279,Opal-User-188,Opal-User-188@dev.platform.hmcts.net,,
f27844e4-07b9-46eb-9cba-b7d4783d62a4,Opal-User-189,Opal-User-189@dev.platform.hmcts.net,,
693492d6-e8fa-47a0-b10d-a070b9e85410,Opal-User-190,Opal-User-190@dev.platform.hmcts.net,,
bace146f-9624-4e29-8a7e-54076df6dd18,Opal-User-191,Opal-User-191@dev.platform.hmcts.net,,
adec6855-465d-41ca-a8b8-ee210ab17785,Opal-User-192,Opal-User-192@dev.platform.hmcts.net,,
72292755-1638-421b-b1de-919471f5a581,Opal-User-193,Opal-User-193@dev.platform.hmcts.net,,
a7817823-9269-4dcb-849e-60db066a8b4c,Opal-User-194,Opal-User-194@dev.platform.hmcts.net,,
26af6ebe-9dd7-48ca-99e3-a1595f84bbbc,Opal-User-195,Opal-User-195@dev.platform.hmcts.net,,
256b4acd-6b0a-4376-b133-f273acc5a28a,Opal-User-196,Opal-User-196@dev.platform.hmcts.net,,
57f8818b-1727-4b4e-ae10-d040693069e6,Opal-User-197,Opal-User-197@dev.platform.hmcts.net,,
e0df86b1-672b-4e40-858f-1f529f58d5c8,Opal-User-198,Opal-User-198@dev.platform.hmcts.net,,
948b8e34-5de8-4583-984d-fe4c143c2c18,Opal-User-199,Opal-User-199@dev.platform.hmcts.net,,
4cd4edca-6710-48ee-a1aa-a0d28e7189b9,Opal-User-200,Opal-User-200@dev.platform.hmcts.net,,
071fa2f6-b62e-45f1-94fc-c850a991d24e,Opal-User-201,Opal-User-201@dev.platform.hmcts.net,,
bfc6d531-a965-4be6-9f25-59b671cf51ee,Opal-User-202,Opal-User-202@dev.platform.hmcts.net,,
aee9f25d-3a0e-453c-9c20-7c1d28c8e889,Opal-User-203,Opal-User-203@dev.platform.hmcts.net,,
73cd3289-7af9-4216-9e2e-8a418473e5d4,Opal-User-204,Opal-User-204@dev.platform.hmcts.net,,
b29edf30-753b-4c02-99ff-162bb701502f,Opal-User-205,Opal-User-205@dev.platform.hmcts.net,,
41581d04-0f61-4df0-a332-3c1ab7a81ddf,Opal-User-206,Opal-User-206@dev.platform.hmcts.net,,
ca4fecef-4271-4dd6-91f5-0b50a4a524bb,Opal-User-207,Opal-User-207@dev.platform.hmcts.net,,
7c16c3cc-0f17-4fbf-8946-4b98782355fd,Opal-User-208,Opal-User-208@dev.platform.hmcts.net,,
75a944d8-d4c1-4d04-b4c3-65f81e0529d7,Opal-User-209,Opal-User-209@dev.platform.hmcts.net,,
55ec3a44-8fee-4feb-81ea-65d46c5f56ef,Opal-User-210,Opal-User-210@dev.platform.hmcts.net,,
b9a58ad2-ed31-44b3-b63c-e3bebf0d1da2,Opal-User-211,Opal-User-211@dev.platform.hmcts.net,,
1863bc2d-6d45-4003-895e-56765116244c,Opal-User-212,Opal-User-212@dev.platform.hmcts.net,,
86e1365f-914d-4908-b74c-2b98435d7397,Opal-User-213,Opal-User-213@dev.platform.hmcts.net,,
615f3790-4faa-41d1-b909-60b4f7742681,Opal-User-214,Opal-User-214@dev.platform.hmcts.net,,
c0042adc-cfb2-495e-b7c5-91dabf059cd3,Opal-User-215,Opal-User-215@dev.platform.hmcts.net,,
f88948a3-de0d-40ed-9b7f-f78d76c5febc,Opal-User-216,Opal-User-216@dev.platform.hmcts.net,,
63f8d5c2-f182-4e50-a350-01b2cfb93d07,Opal-User-217,Opal-User-217@dev.platform.hmcts.net,,
d5a779d5-1487-4bd3-bcf2-9c70c0281bab,Opal-User-218,Opal-User-218@dev.platform.hmcts.net,,
a437f33c-436c-410f-8b3d-a6c25074a696,Opal-User-219,Opal-User-219@dev.platform.hmcts.net,,
20c0b74a-19a1-49c9-a05b-1da0fcad49f5,Opal-User-220,Opal-User-220@dev.platform.hmcts.net,,
c8b47a39-26ac-4aa9-ac69-4c13f546944a,Opal-User-221,Opal-User-221@dev.platform.hmcts.net,,
b84459cb-3fb3-438a-89f7-a9cec29c042a,Opal-User-222,Opal-User-222@dev.platform.hmcts.net,,
3d75d64e-d201-4199-a317-d329dbd7e2c3,Opal-User-223,Opal-User-223@dev.platform.hmcts.net,,
bdc833f8-f4c9-47c0-8ca4-674074dabde8,Opal-User-224,Opal-User-224@dev.platform.hmcts.net,,
aa6706ee-068e-4523-b60e-b178d3b654a9,Opal-User-225,Opal-User-225@dev.platform.hmcts.net,,
d01773ef-bbb2-44b4-9a1c-7d433824f97a,Opal-User-226,Opal-User-226@dev.platform.hmcts.net,,
bbda1775-ee3d-4d52-81a6-4cf9b20f7446,Opal-User-227,Opal-User-227@dev.platform.hmcts.net,,
e9e6e6de-bb19-4642-9ba0-226831f2c40d,Opal-User-228,Opal-User-228@dev.platform.hmcts.net,,
9296bc98-ddaa-43ed-9cfa-7cfa67bc2905,Opal-User-229,Opal-User-229@dev.platform.hmcts.net,,
0e45dd7c-adcb-45a2-b01a-c3e448052b09,Opal-User-230,Opal-User-230@dev.platform.hmcts.net,,
f403e071-4957-471f-9340-041777f7ab7f,Opal-User-231,Opal-User-231@dev.platform.hmcts.net,,
9a394adc-67c9-42f1-b023-4e3ef7f2c75e,Opal-User-232,Opal-User-232@dev.platform.hmcts.net,,
d4d9e69a-eb3a-4d0e-bd9e-7f61e18c6f7a,Opal-User-233,Opal-User-233@dev.platform.hmcts.net,,
aa901527-d313-44fa-88f5-0b050419188c,Opal-User-234,Opal-User-234@dev.platform.hmcts.net,,
f53bb341-0d1c-484d-b039-0929a47af678,Opal-User-235,Opal-User-235@dev.platform.hmcts.net,,
4ec52f1c-906b-45da-80b7-54b9bd4e5c4d,Opal-User-236,Opal-User-236@dev.platform.hmcts.net,,
6f51cb7c-4961-4506-b939-16bae96e753c,Opal-User-237,Opal-User-237@dev.platform.hmcts.net,,
0d8bfcb2-a962-4d38-b363-07a11f64ad60,Opal-User-238,Opal-User-238@dev.platform.hmcts.net,,
f15622f2-8690-4d4d-a21a-e29ca99d9aa3,Opal-User-239,Opal-User-239@dev.platform.hmcts.net,,
dbae40ec-46da-4c22-b54b-866cbc788903,Opal-User-240,Opal-User-240@dev.platform.hmcts.net,,
2ae67a50-f03d-44ec-9d55-039d8c4f359d,Opal-User-241,Opal-User-241@dev.platform.hmcts.net,,
55f6a48f-cc87-4186-b0e1-0e4e4b86cc20,Opal-User-242,Opal-User-242@dev.platform.hmcts.net,,
a8df3b5a-2724-41d5-ac5c-bfd8db003481,Opal-User-243,Opal-User-243@dev.platform.hmcts.net,,
d9019b05-a323-4c64-b27e-584844ae83d4,Opal-User-244,Opal-User-244@dev.platform.hmcts.net,,
ffdc8387-2213-4b7a-82c9-83faea4a9a95,Opal-User-245,Opal-User-245@dev.platform.hmcts.net,,
cc1af729-e4d7-425c-903a-6b6e4666e597,Opal-User-246,Opal-User-246@dev.platform.hmcts.net,,
184ccf5b-6b01-41b4-85dd-8e2bdaf4c4c3,Opal-User-247,Opal-User-247@dev.platform.hmcts.net,,
524afa34-a299-4f28-a46a-90edc85b4132,Opal-User-248,Opal-User-248@dev.platform.hmcts.net,,
7357821a-e0da-4705-a583-b77479d2f1ff,Opal-User-249,Opal-User-249@dev.platform.hmcts.net,,
a8cd9847-afcb-4646-b235-bb707d503f8c,Opal-User-250,Opal-User-250@dev.platform.hmcts.net,,
dff8e1e5-ff54-4db5-bddd-f5dee4fdcc76,Opal-User-251,Opal-User-251@dev.platform.hmcts.net,,
f4589d6f-92ad-4f73-970b-ca4606f1c7b4,Opal-User-252,Opal-User-252@dev.platform.hmcts.net,,
fbd703a5-7713-44d5-9c6e-11e152a6c588,Opal-User-253,Opal-User-253@dev.platform.hmcts.net,,
00d54740-37e9-433d-9ff1-cd5b600332a3,Opal-User-254,Opal-User-254@dev.platform.hmcts.net,,
09c7ce8f-58a2-411c-a7f2-fc379067b3d8,Opal-User-255,Opal-User-255@dev.platform.hmcts.net,,
1f32d9f8-2782-4caf-9bca-a32492d3ce8f,Opal-User-256,Opal-User-256@dev.platform.hmcts.net,,
d4730588-5b44-456b-b5f3-07aa275b7157,Opal-User-257,Opal-User-257@dev.platform.hmcts.net,,
7290d859-c52c-4fe1-9b9c-82f12fa5807f,Opal-User-258,Opal-User-258@dev.platform.hmcts.net,,
82247ea7-994a-4436-a027-a32175bd0d6a,Opal-User-259,Opal-User-259@dev.platform.hmcts.net,,
1c101802-f356-4cbe-96d7-5595b0332eeb,Opal-User-260,Opal-User-260@dev.platform.hmcts.net,,
27706966-dbd6-4eb2-afa9-dd6db3f52347,Opal-User-261,Opal-User-261@dev.platform.hmcts.net,,
1112b1d2-47bc-4b26-87dd-31509d179b31,Opal-User-262,Opal-User-262@dev.platform.hmcts.net,,
6cfef264-7755-4a25-ba6c-67bc40ac1d8a,Opal-User-263,Opal-User-263@dev.platform.hmcts.net,,
01275256-5ed5-4f39-a59c-79c0913f46bc,Opal-User-264,Opal-User-264@dev.platform.hmcts.net,,
7676f2ec-c6c0-442e-ba73-ea1854d50741,Opal-User-265,Opal-User-265@dev.platform.hmcts.net,,
d5406ab5-a333-4afb-829f-74e726583365,Opal-User-266,Opal-User-266@dev.platform.hmcts.net,,
8cb1bbc6-129b-4dd6-a5db-c9eab10c11e4,Opal-User-267,Opal-User-267@dev.platform.hmcts.net,,
eee800f6-241f-49d7-b62e-091612400386,Opal-User-268,Opal-User-268@dev.platform.hmcts.net,,
e2073a14-a5ec-42bb-b77c-582050da09df,Opal-User-269,Opal-User-269@dev.platform.hmcts.net,,
652784a2-fba9-4216-bcd2-d26cb96f8378,Opal-User-270,Opal-User-270@dev.platform.hmcts.net,,
b4ad2652-639b-476e-86dd-19024fd023e6,Opal-User-271,Opal-User-271@dev.platform.hmcts.net,,
39cd74a4-b708-4b84-9cfa-fcfab9f0773d,Opal-User-272,Opal-User-272@dev.platform.hmcts.net,,
a67d6202-d29d-49c4-8794-487d6d80c62b,Opal-User-273,Opal-User-273@dev.platform.hmcts.net,,
1996bcf6-7d07-47c9-b8cc-c86199702119,Opal-User-274,Opal-User-274@dev.platform.hmcts.net,,
e236d279-2831-4d0d-a9c8-f0cf23e9231a,Opal-User-275,Opal-User-275@dev.platform.hmcts.net,,
a364a48e-d040-40c9-bf14-19600f312a90,Opal-User-276,Opal-User-276@dev.platform.hmcts.net,,
1d0237cb-1306-455d-a7d2-e44b4c45c0ba,Opal-User-277,Opal-User-277@dev.platform.hmcts.net,,
c178ffd4-7f92-434a-ac2e-852ec397e277,Opal-User-278,Opal-User-278@dev.platform.hmcts.net,,
ec38b068-1d1e-47d2-b0ba-177dc0105bc7,Opal-User-279,Opal-User-279@dev.platform.hmcts.net,,
f2259af0-488e-445c-ad57-2acb1aec08a3,Opal-User-280,Opal-User-280@dev.platform.hmcts.net,,
6a5ad0cc-3381-4753-bfa8-696d54540f6e,Opal-User-281,Opal-User-281@dev.platform.hmcts.net,,
825a5159-b3a6-4b9c-8340-7de8e82e92ea,Opal-User-282,Opal-User-282@dev.platform.hmcts.net,,
425ed40e-7b40-4e40-9119-a11b4b80d17e,Opal-User-283,Opal-User-283@dev.platform.hmcts.net,,
c24610b0-bdfd-487c-9c5f-e174aff6879e,Opal-User-284,Opal-User-284@dev.platform.hmcts.net,,
9453ece6-c7f8-4d0a-90d7-269110ad95e4,Opal-User-285,Opal-User-285@dev.platform.hmcts.net,,
f750eb9d-b86e-4e99-8479-fd2831b08d2e,Opal-User-286,Opal-User-286@dev.platform.hmcts.net,,
280cff13-05ba-4d36-9364-875237551051,Opal-User-287,Opal-User-287@dev.platform.hmcts.net,,
025279bc-ab11-4707-b82a-6b959669b1b2,Opal-User-288,Opal-User-288@dev.platform.hmcts.net,,
f8b66fbf-071c-4162-b252-77635ed13d8d,Opal-User-289,Opal-User-289@dev.platform.hmcts.net,,
92cd079c-e72d-4092-8cfc-6bd53d054560,Opal-User-290,Opal-User-290@dev.platform.hmcts.net,,
dbaf5e7a-3042-43c8-be7a-63da57341414,Opal-User-291,Opal-User-291@dev.platform.hmcts.net,,
34ce0c9b-c2ed-4f34-9983-03cf7c0b58c6,Opal-User-292,Opal-User-292@dev.platform.hmcts.net,,
07125d2e-a0ba-4045-ba54-1395a39d9815,Opal-User-293,Opal-User-293@dev.platform.hmcts.net,,
45941ff0-0b59-46cf-a532-8b95101b7583,Opal-User-294,Opal-User-294@dev.platform.hmcts.net,,
e4022d47-8181-401d-b5f7-16d27e4e4f6c,Opal-User-295,Opal-User-295@dev.platform.hmcts.net,,
377fbb36-7e5a-46fb-9fd8-31e39fc48057,Opal-User-296,Opal-User-296@dev.platform.hmcts.net,,
bc878a53-5165-474a-bedc-77e4aaa42bdb,Opal-User-297,Opal-User-297@dev.platform.hmcts.net,,
19a0be14-e595-44a5-8c67-959ee96c382e,Opal-User-298,Opal-User-298@dev.platform.hmcts.net,,
24f8069b-8846-4177-bcce-104ca63f6e79,Opal-User-299,Opal-User-299@dev.platform.hmcts.net,,
c6978048-5e06-42b3-82be-03dc66e55519,Opal-User-300,Opal-User-300@dev.platform.hmcts.net,,
ffc50b62-d12d-4305-944d-b36fbadd0bef,Opal-User-301,Opal-User-301@dev.platform.hmcts.net,,
7d6d8754-4c68-4c48-a596-b2bdfa055be3,Opal-User-302,Opal-User-302@dev.platform.hmcts.net,,
e6cd87d0-e51f-443a-9c84-2ed52bcee18a,Opal-User-303,Opal-User-303@dev.platform.hmcts.net,,
f28a6d4d-e7c3-4aed-8596-b4dd94dd705a,Opal-User-304,Opal-User-304@dev.platform.hmcts.net,,
bcae3164-98a5-4ebb-b1fd-f8d10dc35811,Opal-User-305,Opal-User-305@dev.platform.hmcts.net,,
4dbc7dca-11a4-47f4-81ed-4228323191ac,Opal-User-306,Opal-User-306@dev.platform.hmcts.net,,
182d0f6d-e421-4012-8ae6-46915682e48c,Opal-User-307,Opal-User-307@dev.platform.hmcts.net,,
8a322cf3-7086-4ca4-899b-630571f51cba,Opal-User-308,Opal-User-308@dev.platform.hmcts.net,,
8c37882a-5e7e-4112-97e7-6551b99b7ee9,Opal-User-309,Opal-User-309@dev.platform.hmcts.net,,
4b2e79d6-754a-4ba3-a661-2f717e240f59,Opal-User-310,Opal-User-310@dev.platform.hmcts.net,,
21404b82-2efa-4aa6-9ce6-bc0736d2691c,Opal-User-311,Opal-User-311@dev.platform.hmcts.net,,
24c1a10f-1bd2-4e8e-973d-36ad7c7f3e5a,Opal-User-312,Opal-User-312@dev.platform.hmcts.net,,
a2a83186-6844-447c-b820-6407e503e362,Opal-User-313,Opal-User-313@dev.platform.hmcts.net,,
31bb9ea1-0064-4239-a00e-5f0a2966a680,Opal-User-314,Opal-User-314@dev.platform.hmcts.net,,
b9865b93-0268-41c1-8aef-53945e8bf95a,Opal-User-315,Opal-User-315@dev.platform.hmcts.net,,
97a241aa-2352-4689-bb2d-90196fc8b7ab,Opal-User-316,Opal-User-316@dev.platform.hmcts.net,,
62203fc2-d8c5-421a-b06a-b7b4176f98e9,Opal-User-317,Opal-User-317@dev.platform.hmcts.net,,
1a79bff6-9f9f-472e-a02c-2d9bf87c8999,Opal-User-318,Opal-User-318@dev.platform.hmcts.net,,
9c557646-04fb-442a-94d3-db325e551e90,Opal-User-319,Opal-User-319@dev.platform.hmcts.net,,
1887245f-d05e-4114-9728-c2978f667e96,Opal-User-320,Opal-User-320@dev.platform.hmcts.net,,
3a18551f-3213-4d60-83c5-1d4e91c7688a,Opal-User-321,Opal-User-321@dev.platform.hmcts.net,,
6c93ddb2-ecf1-4ee2-bd19-7e047da1cccb,Opal-User-322,Opal-User-322@dev.platform.hmcts.net,,
f9191221-c7ef-4f3e-b82c-64f922b23865,Opal-User-323,Opal-User-323@dev.platform.hmcts.net,,
4316b395-a59d-451b-8247-1d452a2eaecd,Opal-User-324,Opal-User-324@dev.platform.hmcts.net,,
c1c68821-c02d-41f3-a309-7b4ad332512d,Opal-User-325,Opal-User-325@dev.platform.hmcts.net,,
fd055262-df86-4b55-be07-e1186659fa36,Opal-User-326,Opal-User-326@dev.platform.hmcts.net,,
6d301919-8fc4-487c-8536-492f30eff43c,Opal-User-327,Opal-User-327@dev.platform.hmcts.net,,
cee2c948-74c8-4e45-8a80-626466b14ca0,Opal-User-328,Opal-User-328@dev.platform.hmcts.net,,
223ad09e-c88d-4271-bf66-ba4a6bb343dc,Opal-User-329,Opal-User-329@dev.platform.hmcts.net,,
2cbb0bf7-5b81-4071-8ed7-0e3668c77787,Opal-User-330,Opal-User-330@dev.platform.hmcts.net,,
2a9fd63d-a6b4-4a25-b866-0e8436fb2b7f,Opal-User-331,Opal-User-331@dev.platform.hmcts.net,,
972a1a30-8839-46e3-85da-db944e8b4880,Opal-User-332,Opal-User-332@dev.platform.hmcts.net,,
826f5577-00c6-4d53-9dc2-f116eb99c43e,Opal-User-333,Opal-User-333@dev.platform.hmcts.net,,
4dd09cb4-3765-4cf9-bbb5-dfbb04297262,Opal-User-334,Opal-User-334@dev.platform.hmcts.net,,
cfe8de2e-02a8-4682-ae4a-6c31d9bf3149,Opal-User-335,Opal-User-335@dev.platform.hmcts.net,,
e2170a52-3c40-4234-a7e3-f14a7e64d68c,Opal-User-336,Opal-User-336@dev.platform.hmcts.net,,
a75c1138-1b86-43c1-88af-1c52342c8f49,Opal-User-337,Opal-User-337@dev.platform.hmcts.net,,
438c4259-1ada-4d8b-bfa2-7dfe05467a93,Opal-User-338,Opal-User-338@dev.platform.hmcts.net,,
b1fe0360-c561-4c53-b224-ab2e85815478,Opal-User-339,Opal-User-339@dev.platform.hmcts.net,,
558a2482-69a3-4d88-841c-302a1e4dcb85,Opal-User-340,Opal-User-340@dev.platform.hmcts.net,,
10debf51-ea02-4595-bffc-d220eb0ee42d,Opal-User-341,Opal-User-341@dev.platform.hmcts.net,,
a736c091-0fed-4f28-8c1a-dddede6a5e15,Opal-User-342,Opal-User-342@dev.platform.hmcts.net,,
2dfc7515-fb42-4da5-b306-c69f51424214,Opal-User-343,Opal-User-343@dev.platform.hmcts.net,,
3078b7e3-4534-4a55-ba48-507977fc21e7,Opal-User-344,Opal-User-344@dev.platform.hmcts.net,,
cd221971-dac7-4994-9992-852905191631,Opal-User-345,Opal-User-345@dev.platform.hmcts.net,,
84462571-bd18-44fc-b6e9-c9b74e528215,Opal-User-346,Opal-User-346@dev.platform.hmcts.net,,
f101a00d-85ca-4970-b321-a3cb1ab9d6d0,Opal-User-347,Opal-User-347@dev.platform.hmcts.net,,
455b9013-39a5-4848-9f00-5f66e3ed17ac,Opal-User-348,Opal-User-348@dev.platform.hmcts.net,,
62c93b7f-24f2-4ae2-99be-99956b6a13c6,Opal-User-349,Opal-User-349@dev.platform.hmcts.net,,
175de4bd-89a1-462f-8f44-a25527bb9edc,Opal-User-350,Opal-User-350@dev.platform.hmcts.net,,
1996f772-26dd-4a57-aab2-9fa9b52b331c,Opal-User-351,Opal-User-351@dev.platform.hmcts.net,,
d8489aa4-2a8c-44c8-a757-2e83aa575259,Opal-User-352,Opal-User-352@dev.platform.hmcts.net,,
0a397f22-6336-4603-a234-9bb20d9e736d,Opal-User-353,Opal-User-353@dev.platform.hmcts.net,,
50d09ad6-902b-45e7-a525-094f38213cfe,Opal-User-354,Opal-User-354@dev.platform.hmcts.net,,
ea5f6c75-63ee-41e9-917b-b542994131e5,Opal-User-355,Opal-User-355@dev.platform.hmcts.net,,
5b32cc34-2c8c-458a-b3fb-1820a6f5a7a2,Opal-User-356,Opal-User-356@dev.platform.hmcts.net,,
9515e40b-e9b9-4a5f-8341-e7c3897472df,Opal-User-357,Opal-User-357@dev.platform.hmcts.net,,
49a223c6-4b8c-460e-86ca-2d3e4e4724f8,Opal-User-358,Opal-User-358@dev.platform.hmcts.net,,
452c238e-2ebb-4ebf-bd07-6e99ff9c4353,Opal-User-359,Opal-User-359@dev.platform.hmcts.net,,
03744ffb-4636-41f7-8a50-1ef2be72d053,Opal-User-360,Opal-User-360@dev.platform.hmcts.net,,
649e2401-8a61-48a8-8fbe-42f9a5776708,Opal-User-361,Opal-User-361@dev.platform.hmcts.net,,
0906a174-1ae4-4ef2-98dc-314a93cb1588,Opal-User-362,Opal-User-362@dev.platform.hmcts.net,,
85973751-5a4b-4d25-8af9-909eb8bcfe45,Opal-User-363,Opal-User-363@dev.platform.hmcts.net,,
a5b95c10-646d-4cac-ba6d-ea9a18c8c603,Opal-User-364,Opal-User-364@dev.platform.hmcts.net,,
ebd1a07d-7327-40e6-b663-d5a7ca3a9837,Opal-User-365,Opal-User-365@dev.platform.hmcts.net,,
c783a5f4-09d7-403d-bc85-075d4f43d821,Opal-User-366,Opal-User-366@dev.platform.hmcts.net,,
abc26dc0-14e8-4356-82ed-8a1a1b4ded87,Opal-User-367,Opal-User-367@dev.platform.hmcts.net,,
bc283671-b2df-4bc2-a24d-572d3e1978ed,Opal-User-368,Opal-User-368@dev.platform.hmcts.net,,
81ea4cf5-1d5b-40c9-bf66-c6c8475fb92a,Opal-User-369,Opal-User-369@dev.platform.hmcts.net,,
fe5c189c-6abf-4c6a-bae4-eb4e6ceef32c,Opal-User-370,Opal-User-370@dev.platform.hmcts.net,,
f22c1c99-b53c-4952-86b4-2ca68838ac48,Opal-User-371,Opal-User-371@dev.platform.hmcts.net,,
f960f27d-13ba-4653-b90e-0c648027402b,Opal-User-372,Opal-User-372@dev.platform.hmcts.net,,
15d2dd4f-f835-424c-814a-40ceab9b7e45,Opal-User-373,Opal-User-373@dev.platform.hmcts.net,,
b1dfc5cb-2ba3-456c-9ff6-380e4a45061d,Opal-User-374,Opal-User-374@dev.platform.hmcts.net,,
ff24afc1-b059-40c2-a048-117e0a989c72,Opal-User-375,Opal-User-375@dev.platform.hmcts.net,,
31d37807-23f4-45ff-86d6-a9b8e64c7b35,Opal-User-376,Opal-User-376@dev.platform.hmcts.net,,
7fd6b509-5d68-4a53-ada9-f05f8053ff47,Opal-User-377,Opal-User-377@dev.platform.hmcts.net,,
f8c09fac-822d-4cea-99ea-3d932e0ae1d7,Opal-User-378,Opal-User-378@dev.platform.hmcts.net,,
afc50dae-3af5-4583-b6ac-49245673fed1,Opal-User-379,Opal-User-379@dev.platform.hmcts.net,,
cad80641-63b0-47fe-85fb-db23c7a12f64,Opal-User-380,Opal-User-380@dev.platform.hmcts.net,,
c36633d4-b1b2-48ab-ab51-369921407dc5,Opal-User-381,Opal-User-381@dev.platform.hmcts.net,,
3c6708a8-42d6-4e2a-ae7b-8b704c78e568,Opal-User-382,Opal-User-382@dev.platform.hmcts.net,,
06cd062c-91cb-49b9-8559-a0e43ce1addb,Opal-User-383,Opal-User-383@dev.platform.hmcts.net,,
c2f1de89-1642-48f3-aca8-15253f764a74,Opal-User-384,Opal-User-384@dev.platform.hmcts.net,,
6219aad5-a06a-4271-89e2-efa14b55c5f9,Opal-User-385,Opal-User-385@dev.platform.hmcts.net,,
7b1ac08d-7c68-4efd-9e73-7bd8592cca46,Opal-User-386,Opal-User-386@dev.platform.hmcts.net,,
9472d5f0-afdb-4206-a357-e27bf1e5063e,Opal-User-387,Opal-User-387@dev.platform.hmcts.net,,
23b298bd-dd9b-4e0d-8250-5b696d80b996,Opal-User-388,Opal-User-388@dev.platform.hmcts.net,,
78a02b87-9f3a-421c-ae37-5a7ea5a8ee71,Opal-User-389,Opal-User-389@dev.platform.hmcts.net,,
a211d7e5-471c-48fc-8e79-2b32a56a01b2,Opal-User-390,Opal-User-390@dev.platform.hmcts.net,,
066be244-c3df-404c-9bed-4b5efe5832ab,Opal-User-391,Opal-User-391@dev.platform.hmcts.net,,
dbe015d8-036f-4692-a687-2232ceaddc08,Opal-User-392,Opal-User-392@dev.platform.hmcts.net,,
6e874388-0041-4988-acaf-b4347babacde,Opal-User-393,Opal-User-393@dev.platform.hmcts.net,,
fb46d4ee-25f6-4b09-b458-fb6973f4878b,Opal-User-394,Opal-User-394@dev.platform.hmcts.net,,
d2526b22-ffea-45ff-8de3-8f3841ceb1f2,Opal-User-395,Opal-User-395@dev.platform.hmcts.net,,
7093060d-dae1-463f-8542-1c89036025aa,Opal-User-396,Opal-User-396@dev.platform.hmcts.net,,
901c4560-013f-4a9e-a997-f3f1934cec90,Opal-User-397,Opal-User-397@dev.platform.hmcts.net,,
65784092-ee4b-4c90-b0fe-3cb42aca92bc,Opal-User-398,Opal-User-398@dev.platform.hmcts.net,,
98bb061b-39ca-4274-aeae-ea4d832ba068,Opal-User-399,Opal-User-399@dev.platform.hmcts.net,,
25b24faa-ba95-4e0e-9294-9c88edbefc5d,Opal-User-400,Opal-User-400@dev.platform.hmcts.net,,
45f8c834-b6dc-41ee-9d5e-655f7a88f768,Opal-User-401,Opal-User-401@dev.platform.hmcts.net,,
99f261c4-d211-4bc7-b30f-96601698ef3f,Opal-User-402,Opal-User-402@dev.platform.hmcts.net,,
36d8cb20-0f42-40d4-a9f8-fd0d9b089ab8,Opal-User-403,Opal-User-403@dev.platform.hmcts.net,,
259e1f4b-cbe6-4698-949f-4f4ef71728b3,Opal-User-404,Opal-User-404@dev.platform.hmcts.net,,
144596d2-a984-4b82-871e-6d348ae5928f,Opal-User-405,Opal-User-405@dev.platform.hmcts.net,,
dc337ca2-6a2c-4133-b003-e0d8ce42a73b,Opal-User-406,Opal-User-406@dev.platform.hmcts.net,,
0aa33583-99e6-4e1d-8032-2afee60d9d92,Opal-User-407,Opal-User-407@dev.platform.hmcts.net,,
dbee37be-e2e2-4082-833b-e496977c0b60,Opal-User-408,Opal-User-408@dev.platform.hmcts.net,,
76a4509c-9244-48cd-aa3b-f3abd2984c62,Opal-User-409,Opal-User-409@dev.platform.hmcts.net,,
36c64f41-119d-4d6b-a9e7-5cc6fe30cdc6,Opal-User-410,Opal-User-410@dev.platform.hmcts.net,,
85f6290f-566d-445a-bc3d-cc4f4de53abf,Opal-User-411,Opal-User-411@dev.platform.hmcts.net,,
998c2cc4-5c0b-43d5-b823-e6a86296c5ac,Opal-User-412,Opal-User-412@dev.platform.hmcts.net,,
4e91736d-0287-4cd3-8c2f-5cbe0a4d730a,Opal-User-413,Opal-User-413@dev.platform.hmcts.net,,
6696d762-28ac-4320-9587-15247230f3ad,Opal-User-414,Opal-User-414@dev.platform.hmcts.net,,
c5cb5453-ba40-4e69-9329-74c9e129f8d4,Opal-User-415,Opal-User-415@dev.platform.hmcts.net,,
22272ff1-0555-4516-8ab3-d20f07065f3e,Opal-User-416,Opal-User-416@dev.platform.hmcts.net,,
e4eb90d8-d761-42d9-9a28-f322d19073bd,Opal-User-417,Opal-User-417@dev.platform.hmcts.net,,
645933b2-83a6-449c-9db8-63bcf7189325,Opal-User-418,Opal-User-418@dev.platform.hmcts.net,,
932adf61-fa6a-418d-9c50-3f0806276040,Opal-User-419,Opal-User-419@dev.platform.hmcts.net,,
198e65b9-2437-4a39-b42f-874fb20345f3,Opal-User-420,Opal-User-420@dev.platform.hmcts.net,,
01dcde81-c3ea-4a35-8938-0098547db270,Opal-User-421,Opal-User-421@dev.platform.hmcts.net,,
d880119a-8cec-44c6-bdf8-b28c18687e5f,Opal-User-422,Opal-User-422@dev.platform.hmcts.net,,
13ac6ca9-33d5-47a2-a8a4-f02a56ab010e,Opal-User-423,Opal-User-423@dev.platform.hmcts.net,,
3fa533a6-675d-4cbc-b22f-551a37e8e67b,Opal-User-424,Opal-User-424@dev.platform.hmcts.net,,
f721c760-5610-4483-a4a0-de8383cbb987,Opal-User-425,Opal-User-425@dev.platform.hmcts.net,,
50c6d3b0-4cf9-4ad8-9b7a-12004a8fabfa,Opal-User-426,Opal-User-426@dev.platform.hmcts.net,,
b174a03d-b589-4608-a836-823eb7beac68,Opal-User-427,Opal-User-427@dev.platform.hmcts.net,,
b7083155-8767-47c1-ade3-ec580033d05f,Opal-User-428,Opal-User-428@dev.platform.hmcts.net,,
2815a04a-1c2a-4490-b3f3-f106c01692dc,Opal-User-429,Opal-User-429@dev.platform.hmcts.net,,
e12193e0-6471-4730-8e52-f498aa0dd224,Opal-User-430,Opal-User-430@dev.platform.hmcts.net,,
8d602f8a-3959-4357-87d8-cfcda3f132d3,Opal-User-431,Opal-User-431@dev.platform.hmcts.net,,
c41fd6ed-8521-461f-8ed4-64e6200261a1,Opal-User-432,Opal-User-432@dev.platform.hmcts.net,,
819fb405-8f12-439b-adde-8864e0f48f8b,Opal-User-433,Opal-User-433@dev.platform.hmcts.net,,
4f8e0d0a-4fdb-41e0-9b17-e75e2f73c6d8,Opal-User-434,Opal-User-434@dev.platform.hmcts.net,,
bf6ed315-2216-462f-a5ee-872037d22933,Opal-User-435,Opal-User-435@dev.platform.hmcts.net,,
bc563542-c2d3-499b-85eb-ac66db633045,Opal-User-436,Opal-User-436@dev.platform.hmcts.net,,
a9cef2bc-6277-4ff9-a0b0-d1a25e7c06a7,Opal-User-437,Opal-User-437@dev.platform.hmcts.net,,
9204f323-b80c-4dde-b9c1-83a73b47b92b,Opal-User-438,Opal-User-438@dev.platform.hmcts.net,,
abc0b336-5082-498d-bd68-88a90d8b9f3d,Opal-User-439,Opal-User-439@dev.platform.hmcts.net,,
1c81a970-0bd8-48c4-a33c-fc0d4542759a,Opal-User-440,Opal-User-440@dev.platform.hmcts.net,,
d3facf1d-5822-4a74-acc4-7bb8276673d1,Opal-User-441,Opal-User-441@dev.platform.hmcts.net,,
b151d5bc-6bcb-4d2a-950b-c1fbd31a75f0,Opal-User-442,Opal-User-442@dev.platform.hmcts.net,,
f6b41359-dbd0-45d6-8c4b-c644768c0431,Opal-User-443,Opal-User-443@dev.platform.hmcts.net,,
039b4608-6f4c-46b3-9e78-adc63b66279a,Opal-User-444,Opal-User-444@dev.platform.hmcts.net,,
8b411e4a-8c89-414e-875e-18d456b7202e,Opal-User-445,Opal-User-445@dev.platform.hmcts.net,,
3ef80f0b-cdce-498d-a978-b8d7730e3fa1,Opal-User-446,Opal-User-446@dev.platform.hmcts.net,,
ff88e69e-d2a7-4255-8211-c359b505df6e,Opal-User-447,Opal-User-447@dev.platform.hmcts.net,,
3cabdba1-8490-40c5-b756-e0e168922d55,Opal-User-448,Opal-User-448@dev.platform.hmcts.net,,
db8f52be-cd5d-4915-9f9d-54f2119ac0fb,Opal-User-449,Opal-User-449@dev.platform.hmcts.net,,
e52472af-6b29-4e13-b25d-e03e40225458,Opal-User-450,Opal-User-450@dev.platform.hmcts.net,,
e9d93b04-f9f9-413f-8298-1e400349a084,Opal-User-451,Opal-User-451@dev.platform.hmcts.net,,
55e0b931-f7b9-4db8-b766-a2d84c79292d,Opal-User-452,Opal-User-452@dev.platform.hmcts.net,,
e76bc3de-65b3-4fd6-a3c0-afa028e64d24,Opal-User-453,Opal-User-453@dev.platform.hmcts.net,,
cfc33728-20b1-4f94-bc75-31a69e2dbf34,Opal-User-454,Opal-User-454@dev.platform.hmcts.net,,
397a2e79-603c-41e0-a982-c12cd3800144,Opal-User-455,Opal-User-455@dev.platform.hmcts.net,,
5a225c82-8621-4d21-a776-465ce3b552b9,Opal-User-456,Opal-User-456@dev.platform.hmcts.net,,
0d2ea679-18f7-4aaf-98a0-f76394e6cb8d,Opal-User-457,Opal-User-457@dev.platform.hmcts.net,,
996303d1-1df7-4d9e-b388-6f0c8a943fc1,Opal-User-458,Opal-User-458@dev.platform.hmcts.net,,
e21fba34-426c-430b-a6e2-30bee3108a17,Opal-User-459,Opal-User-459@dev.platform.hmcts.net,,
bfbee310-d52e-43a3-a41c-39027ee01c5e,Opal-User-460,Opal-User-460@dev.platform.hmcts.net,,
050800d7-e47a-427b-aa8c-81205d1baf17,Opal-User-461,Opal-User-461@dev.platform.hmcts.net,,
4247e0c9-f552-45c5-9b39-101ef9888bc1,Opal-User-462,Opal-User-462@dev.platform.hmcts.net,,
6feeb7dd-5a29-466b-b5ed-9ae166fe5483,Opal-User-463,Opal-User-463@dev.platform.hmcts.net,,
47fa093a-6687-44ff-878a-804e6122befa,Opal-User-464,Opal-User-464@dev.platform.hmcts.net,,
ec48161c-dc8c-4ada-845c-c89247518ffa,Opal-User-465,Opal-User-465@dev.platform.hmcts.net,,
b6cecf04-1065-406b-8b61-ef94881f0c0c,Opal-User-466,Opal-User-466@dev.platform.hmcts.net,,
ddc8b405-6130-4524-951b-68202dd9efdf,Opal-User-467,Opal-User-467@dev.platform.hmcts.net,,
c47f206c-9307-46ed-ba4b-430f5159265d,Opal-User-468,Opal-User-468@dev.platform.hmcts.net,,
d320c3e2-8674-4d24-8d41-2f1aea014e31,Opal-User-469,Opal-User-469@dev.platform.hmcts.net,,
6c3e44ed-e874-47a6-a48a-f28beeff6b8b,Opal-User-470,Opal-User-470@dev.platform.hmcts.net,,
e0d72f64-6b40-4089-bff1-f413501e359a,Opal-User-471,Opal-User-471@dev.platform.hmcts.net,,
86d43ee1-0458-4fe6-8567-def28c25ef96,Opal-User-472,Opal-User-472@dev.platform.hmcts.net,,
e52f82da-458e-417d-89ae-25bfaa2665f0,Opal-User-473,Opal-User-473@dev.platform.hmcts.net,,
567ee422-76be-4f92-b0aa-f4a632f005b7,Opal-User-474,Opal-User-474@dev.platform.hmcts.net,,
515dd234-55b9-4c7f-a53d-1114545bf290,Opal-User-475,Opal-User-475@dev.platform.hmcts.net,,
5f83dffe-0790-4c36-9936-e6d71628d1de,Opal-User-476,Opal-User-476@dev.platform.hmcts.net,,
5f3e31f0-e074-4a77-93f3-48a72ea65f57,Opal-User-477,Opal-User-477@dev.platform.hmcts.net,,
69535d2e-8a11-4654-a8a3-99e66f607001,Opal-User-478,Opal-User-478@dev.platform.hmcts.net,,
28c9e544-94a4-4beb-b730-a9b02b1009e5,Opal-User-479,Opal-User-479@dev.platform.hmcts.net,,
4ed5fd0a-e8a5-4704-80ea-3baa6dbd00f9,Opal-User-480,Opal-User-480@dev.platform.hmcts.net,,
8c3b46fc-02e2-4eb2-87d0-743025d8aefa,Opal-User-481,Opal-User-481@dev.platform.hmcts.net,,
684bc39a-b28b-4ff3-b5a2-f1440a402af6,Opal-User-482,Opal-User-482@dev.platform.hmcts.net,,
3ff78cdd-06e2-4039-a15a-36bc031eb524,Opal-User-483,Opal-User-483@dev.platform.hmcts.net,,
d33c0317-1259-4a00-b4b6-3f9c0e499ae3,Opal-User-484,Opal-User-484@dev.platform.hmcts.net,,
c1c94f6d-9f22-44c5-8dc5-e30314185399,Opal-User-485,Opal-User-485@dev.platform.hmcts.net,,
a9009df9-19cd-4dd7-a3a6-469aba90c565,Opal-User-486,Opal-User-486@dev.platform.hmcts.net,,
76e419d0-d57f-4c96-a99e-1ded635e9fdc,Opal-User-487,Opal-User-487@dev.platform.hmcts.net,,
830df6a1-e543-4d3b-9ca7-a9618ff4d79d,Opal-User-488,Opal-User-488@dev.platform.hmcts.net,,
86293fc3-52a5-4af4-a988-1de3fd1aa2fd,Opal-User-489,Opal-User-489@dev.platform.hmcts.net,,
78d93c09-b080-419a-b414-df70cf556765,Opal-User-490,Opal-User-490@dev.platform.hmcts.net,,
cdede716-cb47-41cf-af87-da7de4bdb48e,Opal-User-491,Opal-User-491@dev.platform.hmcts.net,,
c85eba5a-86b2-4bc5-865e-e9bb7662ceb9,Opal-User-492,Opal-User-492@dev.platform.hmcts.net,,
ae8c2d89-7fc9-46ad-aee1-a162adc21854,Opal-User-493,Opal-User-493@dev.platform.hmcts.net,,
43d76c71-84d9-4ed9-b36b-b780611bb148,Opal-User-494,Opal-User-494@dev.platform.hmcts.net,,
0e046328-e6d7-4cdc-bb82-672c1e173022,Opal-User-495,Opal-User-495@dev.platform.hmcts.net,,
feee713d-7779-44dc-8f49-4f447cad59b0,Opal-User-496,Opal-User-496@dev.platform.hmcts.net,,
3886db4a-db0e-4058-8153-5d5919bf4592,Opal-User-497,Opal-User-497@dev.platform.hmcts.net,,
66140dff-b4dd-466b-9075-235f0f3d49c3,Opal-User-498,Opal-User-498@dev.platform.hmcts.net,,
dabc7141-bad5-4286-a712-554f6fd5f935,Opal-User-499,Opal-User-499@dev.platform.hmcts.net,,
60e5b517-d20b-435d-bf4b-55c844113a4b,Opal-User-500,Opal-User-500@dev.platform.hmcts.net,,
55f13313-ceb8-438f-86e7-4cd5c9cb9957,Opal-User-501,Opal-User-501@dev.platform.hmcts.net,,
6af864d7-cb4d-4bc2-a3fb-b36b93e65d4c,Opal-User-502,Opal-User-502@dev.platform.hmcts.net,,
61fd0e40-11e2-4e81-a325-2140b9adee72,Opal-User-503,Opal-User-503@dev.platform.hmcts.net,,
f63b4340-613d-4f07-8600-ac6eb1780bc0,Opal-User-504,Opal-User-504@dev.platform.hmcts.net,,
3b17a011-3436-491b-acec-727338bd6838,Opal-User-505,Opal-User-505@dev.platform.hmcts.net,,
11096733-75e1-4fc0-9c8f-42870f53e6e9,Opal-User-506,Opal-User-506@dev.platform.hmcts.net,,
dcc9711b-f9f1-4199-bf1c-579ef71f0b5c,Opal-User-507,Opal-User-507@dev.platform.hmcts.net,,
05a08afa-b795-44c6-89a5-cee0ee1a3cd1,Opal-User-508,Opal-User-508@dev.platform.hmcts.net,,
dc4ef5d8-f4cb-425b-8821-5d8ed3653250,Opal-User-509,Opal-User-509@dev.platform.hmcts.net,,
90a6413c-159b-4993-9b09-a6961a7ffcff,Opal-User-510,Opal-User-510@dev.platform.hmcts.net,,
af3d2ebb-553a-4403-9c69-95dafe683e25,Opal-User-511,Opal-User-511@dev.platform.hmcts.net,,
3f7acdbc-fed9-4d11-9a86-a89154b22be8,Opal-User-512,Opal-User-512@dev.platform.hmcts.net,,
8da95192-e243-4115-a0dd-83e1ce24b3cb,Opal-User-513,Opal-User-513@dev.platform.hmcts.net,,
b2bdd440-694c-4d3e-9ae2-755a2fce318b,Opal-User-514,Opal-User-514@dev.platform.hmcts.net,,
1445a9cd-e7fc-41d4-a8a8-e00a563861f5,Opal-User-515,Opal-User-515@dev.platform.hmcts.net,,
546f047f-440c-4071-b7af-8fd23c7c9472,Opal-User-516,Opal-User-516@dev.platform.hmcts.net,,
2330637b-a972-49c5-a634-4ce3e81624a6,Opal-User-517,Opal-User-517@dev.platform.hmcts.net,,
f6e2bdf7-d72f-40c5-b3e3-911fc50ae253,Opal-User-518,Opal-User-518@dev.platform.hmcts.net,,
d0b408e0-eb28-4361-b0dd-ab6765324616,Opal-User-519,Opal-User-519@dev.platform.hmcts.net,,
eac74c17-dca0-43c6-80b9-5debb2d81b05,Opal-User-520,Opal-User-520@dev.platform.hmcts.net,,
b5a7c666-d817-45a9-b003-b13b55bebe8d,Opal-User-521,Opal-User-521@dev.platform.hmcts.net,,
991f6ea7-947d-4c63-8a10-7156be16d867,Opal-User-522,Opal-User-522@dev.platform.hmcts.net,,
0e43f740-d24e-43b4-ae75-3dc9742912f6,Opal-User-523,Opal-User-523@dev.platform.hmcts.net,,
374e67d6-308c-4d26-a1fe-2e055ba19f57,Opal-User-524,Opal-User-524@dev.platform.hmcts.net,,
7a495f90-312f-4250-880d-0a2c0c5f3cee,Opal-User-525,Opal-User-525@dev.platform.hmcts.net,,
a3fd07d7-de6d-42e0-8d10-37b9125d370e,Opal-User-526,Opal-User-526@dev.platform.hmcts.net,,
a7a07a96-3c3e-4b63-91c2-f28635a4ed1f,Opal-User-527,Opal-User-527@dev.platform.hmcts.net,,
8b580dcf-ebe9-40cd-b558-6943f8042f96,Opal-User-528,Opal-User-528@dev.platform.hmcts.net,,
cacef7c0-7f98-428f-a72f-fdc96feefa77,Opal-User-529,Opal-User-529@dev.platform.hmcts.net,,
8eec3532-f503-4b50-85cf-6781edc13501,Opal-User-530,Opal-User-530@dev.platform.hmcts.net,,
4bba9582-9084-4eb4-92c1-b031b4a30976,Opal-User-531,Opal-User-531@dev.platform.hmcts.net,,
b918332d-a852-475d-8848-76b57d1683fc,Opal-User-532,Opal-User-532@dev.platform.hmcts.net,,
71f72f42-418c-43f1-97b0-7362f8a0c114,Opal-User-533,Opal-User-533@dev.platform.hmcts.net,,
f444b56e-75fc-47da-a834-8d491c298f47,Opal-User-534,Opal-User-534@dev.platform.hmcts.net,,
eaa4f8bd-b236-4c6a-bacd-fc14f3acc212,Opal-User-535,Opal-User-535@dev.platform.hmcts.net,,
a842deea-1da3-4c60-83bc-741a0871c474,Opal-User-536,Opal-User-536@dev.platform.hmcts.net,,
62dee3d8-c67b-4f79-9c1b-d92e4eecc768,Opal-User-537,Opal-User-537@dev.platform.hmcts.net,,
8596625d-f40b-4f13-a69c-42009400e114,Opal-User-538,Opal-User-538@dev.platform.hmcts.net,,
fe41c445-0a93-4d5c-832e-9ce101f6367d,Opal-User-539,Opal-User-539@dev.platform.hmcts.net,,
c03f5385-cb80-47d0-9390-ad89b6927c44,Opal-User-540,Opal-User-540@dev.platform.hmcts.net,,
625bd359-b1a3-4f4b-b611-5491d14ccceb,Opal-User-541,Opal-User-541@dev.platform.hmcts.net,,
053f4afc-eac8-46d4-995e-0b1d25c8ad8f,Opal-User-542,Opal-User-542@dev.platform.hmcts.net,,
83ac20a7-a0ef-472a-929d-02e758497e41,Opal-User-543,Opal-User-543@dev.platform.hmcts.net,,
d9f46be7-295c-46d9-9f2b-bb6693fb010b,Opal-User-544,Opal-User-544@dev.platform.hmcts.net,,
7b2647e9-4ac9-4795-bb69-4b22a8d32b95,Opal-User-545,Opal-User-545@dev.platform.hmcts.net,,
a1183b8b-f04e-4bd1-9458-ba61abd08cf7,Opal-User-546,Opal-User-546@dev.platform.hmcts.net,,
a13304c5-c21c-498a-bd99-cc80ccec2d69,Opal-User-547,Opal-User-547@dev.platform.hmcts.net,,
8791af0c-8776-40ad-ad50-eefcaccec671,Opal-User-548,Opal-User-548@dev.platform.hmcts.net,,
085f513c-1eb5-403a-83b6-b11ab2325303,Opal-User-549,Opal-User-549@dev.platform.hmcts.net,,
947ba69f-7186-46fa-9a68-452fbbd60555,Opal-User-550,Opal-User-550@dev.platform.hmcts.net,,
86a6f744-1d36-40d8-b478-dd4720d8ca6c,Opal-User-551,Opal-User-551@dev.platform.hmcts.net,,
e726660d-5567-4a49-925b-7e2d0cbb1b80,Opal-User-552,Opal-User-552@dev.platform.hmcts.net,,
e8822add-ff65-4d46-b8c0-acd309868331,Opal-User-553,Opal-User-553@dev.platform.hmcts.net,,
000fcd93-b919-4e68-955a-9d3256f5cdaf,Opal-User-554,Opal-User-554@dev.platform.hmcts.net,,
3b0037a4-1055-4736-8b04-d4e3378b0309,Opal-User-555,Opal-User-555@dev.platform.hmcts.net,,
613f9a0c-a600-4fcc-bf93-4e4e499f1c0f,Opal-User-556,Opal-User-556@dev.platform.hmcts.net,,
a0fc2539-24d5-4d12-af8f-328f4243050a,Opal-User-557,Opal-User-557@dev.platform.hmcts.net,,
c24a79da-23b5-4b0b-972b-ba0f631256e3,Opal-User-558,Opal-User-558@dev.platform.hmcts.net,,
2f855714-8dd8-45d6-8e3a-953153100cb7,Opal-User-559,Opal-User-559@dev.platform.hmcts.net,,
0cfa67eb-1b46-4d02-b4bb-c5a341e6e3c7,Opal-User-560,Opal-User-560@dev.platform.hmcts.net,,
ba649c44-639f-473e-8e32-c61dda9be487,Opal-User-561,Opal-User-561@dev.platform.hmcts.net,,
5c044c18-b1b5-4419-917e-ee00e22fd952,Opal-User-562,Opal-User-562@dev.platform.hmcts.net,,
3731daba-86c0-4668-abaf-f2231f77a9fe,Opal-User-563,Opal-User-563@dev.platform.hmcts.net,,
381a817d-35ae-43a5-8554-2465af08d619,Opal-User-564,Opal-User-564@dev.platform.hmcts.net,,
0b730bef-4249-4f4b-a1ff-69056a3f9225,Opal-User-565,Opal-User-565@dev.platform.hmcts.net,,
d6ff0a54-23e6-4a19-8ba5-4bb5f1554716,Opal-User-566,Opal-User-566@dev.platform.hmcts.net,,
481ba05a-925f-41cf-8a71-83b21530edb4,Opal-User-567,Opal-User-567@dev.platform.hmcts.net,,
730470ea-7a4a-402d-a4d8-999f948b4f71,Opal-User-568,Opal-User-568@dev.platform.hmcts.net,,
a6224ac4-8159-4713-ad61-cb2f50d46ee2,Opal-User-569,Opal-User-569@dev.platform.hmcts.net,,
a829cb2f-8d02-48ba-a3c8-1b2da9d543dd,Opal-User-570,Opal-User-570@dev.platform.hmcts.net,,
75588ddf-a023-4620-8ed3-0228c78b9b74,Opal-User-571,Opal-User-571@dev.platform.hmcts.net,,
14c7dda3-fce6-498a-98a5-b44048fa9766,Opal-User-572,Opal-User-572@dev.platform.hmcts.net,,
2b2158d8-3fc4-4e36-b59a-c7c262875782,Opal-User-573,Opal-User-573@dev.platform.hmcts.net,,
92fe9954-0302-4d61-9e07-052c5c418060,Opal-User-574,Opal-User-574@dev.platform.hmcts.net,,
a2c8b9a2-ce2e-42b1-b672-cf4dcd0b66d1,Opal-User-575,Opal-User-575@dev.platform.hmcts.net,,
2f4c5af1-7e35-4be7-9458-5481d6394c32,Opal-User-576,Opal-User-576@dev.platform.hmcts.net,,
f7d928ac-65cb-418b-920a-d2f2bea7c5f8,Opal-User-577,Opal-User-577@dev.platform.hmcts.net,,
4bc9c495-0940-4d56-96c2-af23391f11f2,Opal-User-578,Opal-User-578@dev.platform.hmcts.net,,
06b83907-9a6c-47e9-8701-77d1b5b8ca9e,Opal-User-579,Opal-User-579@dev.platform.hmcts.net,,
d66bfd28-ec58-49b8-80c7-0101647f71ac,Opal-User-580,Opal-User-580@dev.platform.hmcts.net,,
8913badf-fdb7-48a1-86af-e49cb967afd0,Opal-User-581,Opal-User-581@dev.platform.hmcts.net,,
29876d76-2e0f-4d2d-ba59-0c8bd2cef0ef,Opal-User-582,Opal-User-582@dev.platform.hmcts.net,,
f901b217-fb8b-47c7-a2fc-fcfce0c46040,Opal-User-583,Opal-User-583@dev.platform.hmcts.net,,
96b0af48-c017-4968-99e9-e4de785680fe,Opal-User-584,Opal-User-584@dev.platform.hmcts.net,,
0f62246a-c9a9-4a9e-8c76-b4513f2cc6bc,Opal-User-585,Opal-User-585@dev.platform.hmcts.net,,
40442e4f-738a-48d9-8dba-6384d024bc47,Opal-User-586,Opal-User-586@dev.platform.hmcts.net,,
c8701205-bb30-4660-a2ef-8d7dccf35b9e,Opal-User-587,Opal-User-587@dev.platform.hmcts.net,,
684f50fc-cdcf-4d97-b2e5-5256f500eb0b,Opal-User-588,Opal-User-588@dev.platform.hmcts.net,,
60bf7626-15bd-4e5f-9f77-c30877343486,Opal-User-589,Opal-User-589@dev.platform.hmcts.net,,
f6e81746-2c68-4bd8-a28e-b236b74c9814,Opal-User-590,Opal-User-590@dev.platform.hmcts.net,,
0ba70c72-1a22-4a6c-b40e-55ac37322c9d,Opal-User-591,Opal-User-591@dev.platform.hmcts.net,,
e7c52bbc-7538-4b91-bb43-bf96e99d80b6,Opal-User-592,Opal-User-592@dev.platform.hmcts.net,,
545f5749-daa1-4642-af51-8250348b06bc,Opal-User-593,Opal-User-593@dev.platform.hmcts.net,,
bd9ea4ec-b1cd-4cce-87f3-5afa1e991932,Opal-User-594,Opal-User-594@dev.platform.hmcts.net,,
e2a08ca9-841e-4c1c-82e3-fe4d0338a4ac,Opal-User-595,Opal-User-595@dev.platform.hmcts.net,,
e428ae57-9d34-4241-a94b-b7714a012244,Opal-User-596,Opal-User-596@dev.platform.hmcts.net,,
e17bfddd-ffe5-481e-a2b5-c61c1f7583e0,Opal-User-597,Opal-User-597@dev.platform.hmcts.net,,
cdbed4aa-9814-4166-8bab-e9b6659c6292,Opal-User-598,Opal-User-598@dev.platform.hmcts.net,,
993809d8-3617-4231-8005-f2366c7c16c7,Opal-User-599,Opal-User-599@dev.platform.hmcts.net,,
546fe54d-2c45-4541-8015-e8a816cc01ab,Opal-User-600,Opal-User-600@dev.platform.hmcts.net,,
0a5e9dd4-ffb3-4cef-aa57-28120a442506,Opal-User-601,Opal-User-601@dev.platform.hmcts.net,,
0066735b-c226-42e7-a743-94803c9735bc,Opal-User-602,Opal-User-602@dev.platform.hmcts.net,,
f837c96f-8770-4b79-8879-2ad874b08861,Opal-User-603,Opal-User-603@dev.platform.hmcts.net,,
fadf0112-b40c-4d66-afc0-2b3461120887,Opal-User-604,Opal-User-604@dev.platform.hmcts.net,,
8362a180-181c-4c95-a8b7-7480c06237c9,Opal-User-605,Opal-User-605@dev.platform.hmcts.net,,
b658e563-f2ee-4f61-93ef-44c4ddceb2fc,Opal-User-606,Opal-User-606@dev.platform.hmcts.net,,
a64c0696-7ed3-4ff9-a0df-0dd3ceb057f9,Opal-User-607,Opal-User-607@dev.platform.hmcts.net,,
6b9ffe18-2860-4ab7-a919-1112ea0af138,Opal-User-608,Opal-User-608@dev.platform.hmcts.net,,
38ef78ca-70ec-45f0-bee5-2699af2d7486,Opal-User-609,Opal-User-609@dev.platform.hmcts.net,,
1c1aff9a-1200-44ce-b0cf-ca2161c0dbee,Opal-User-610,Opal-User-610@dev.platform.hmcts.net,,
cd99cf6b-0337-4643-a662-ba962f9b0ba3,Opal-User-611,Opal-User-611@dev.platform.hmcts.net,,
ddabbdf5-e04e-4538-bcb6-b9a5f260f318,Opal-User-612,Opal-User-612@dev.platform.hmcts.net,,
2e5082aa-26d8-4e04-8fec-3c1f442a4051,Opal-User-613,Opal-User-613@dev.platform.hmcts.net,,
e57cc111-5ab0-4bb7-9fe6-c93be46bd09c,Opal-User-614,Opal-User-614@dev.platform.hmcts.net,,
6135723c-c2f6-430e-882e-313d89377c9d,Opal-User-615,Opal-User-615@dev.platform.hmcts.net,,
39f5b99c-b914-4890-8b29-588f94f9bdeb,Opal-User-616,Opal-User-616@dev.platform.hmcts.net,,
f62f02a4-7f5f-471b-bc1d-fc6fd0aa7635,Opal-User-617,Opal-User-617@dev.platform.hmcts.net,,
bd3e10ab-f9f7-43cd-a31e-237a61ea8142,Opal-User-618,Opal-User-618@dev.platform.hmcts.net,,
1abbf572-660f-4bd1-a365-44ef282e0fb3,Opal-User-619,Opal-User-619@dev.platform.hmcts.net,,
8a54043d-2f17-4454-9ad4-2c9844988d1d,Opal-User-620,Opal-User-620@dev.platform.hmcts.net,,
71786a2f-bb8d-4b6d-be86-9b03e45ba6ad,Opal-User-621,Opal-User-621@dev.platform.hmcts.net,,
72e7a1f7-7e0b-4941-9571-d2e4323bfc62,Opal-User-622,Opal-User-622@dev.platform.hmcts.net,,
4cb72e5a-b87a-49e1-bb40-cda219de2c06,Opal-User-623,Opal-User-623@dev.platform.hmcts.net,,
08719ca1-69d2-4713-8845-692c439acbb8,Opal-User-624,Opal-User-624@dev.platform.hmcts.net,,
56201270-7204-42ab-828f-46f332f8f335,Opal-User-625,Opal-User-625@dev.platform.hmcts.net,,
9182a14d-b01d-43c4-8369-2304e29275fe,Opal-User-626,Opal-User-626@dev.platform.hmcts.net,,
8fcbad86-7927-4afb-823b-96057526230e,Opal-User-627,Opal-User-627@dev.platform.hmcts.net,,
3ef90787-d20f-483c-8bc7-e4e1ce9a0cab,Opal-User-628,Opal-User-628@dev.platform.hmcts.net,,
889db87e-a1f2-44ce-8a3f-61fedc53590f,Opal-User-629,Opal-User-629@dev.platform.hmcts.net,,
ca37c914-74c5-4b03-b5b9-0ba78da05806,Opal-User-630,Opal-User-630@dev.platform.hmcts.net,,
cf286e78-61cc-426d-a0ea-524f8a199125,Opal-User-631,Opal-User-631@dev.platform.hmcts.net,,
cbd31145-91b0-4059-acdd-49df34dbb761,Opal-User-632,Opal-User-632@dev.platform.hmcts.net,,
58655776-8cbb-4de1-940c-4fd900c85ceb,Opal-User-633,Opal-User-633@dev.platform.hmcts.net,,
488a947d-35aa-4ba4-9495-2707b84b17e7,Opal-User-634,Opal-User-634@dev.platform.hmcts.net,,
c47d4b75-3e00-48c5-97a5-b6ced4d4d1ad,Opal-User-635,Opal-User-635@dev.platform.hmcts.net,,
44697fd9-e35b-4359-954d-4dba405e1b6b,Opal-User-636,Opal-User-636@dev.platform.hmcts.net,,
1e818b55-5a97-436d-a7e3-854aeab072bd,Opal-User-637,Opal-User-637@dev.platform.hmcts.net,,
207eabde-7511-4fe7-99f3-db933c9b72f8,Opal-User-638,Opal-User-638@dev.platform.hmcts.net,,
7d3cee04-3f69-4657-acf8-1b78e0efcc41,Opal-User-639,Opal-User-639@dev.platform.hmcts.net,,
47289cf8-4011-4ab5-8718-e6b7753d297d,Opal-User-640,Opal-User-640@dev.platform.hmcts.net,,
f969c029-dc2e-4bad-aeec-347230d59d0e,Opal-User-641,Opal-User-641@dev.platform.hmcts.net,,
d7b105c7-faac-4803-b4b6-a447fdcc3d85,Opal-User-642,Opal-User-642@dev.platform.hmcts.net,,
b35dd1b5-e198-45f5-909a-60f5f5e7ee13,Opal-User-643,Opal-User-643@dev.platform.hmcts.net,,
052ac3af-4743-497d-bf54-9887d57ed67f,Opal-User-644,Opal-User-644@dev.platform.hmcts.net,,
79e5ce43-b4d0-485c-b7cb-bd7f1c4b4196,Opal-User-645,Opal-User-645@dev.platform.hmcts.net,,
5e95b48d-c38d-46e8-81e2-007bd5da7de4,Opal-User-646,Opal-User-646@dev.platform.hmcts.net,,
d1e62093-9d1f-442e-a162-b18344690f0a,Opal-User-647,Opal-User-647@dev.platform.hmcts.net,,
7337b4f6-d108-4d47-a568-7388a855a4ab,Opal-User-648,Opal-User-648@dev.platform.hmcts.net,,
7f9b46c2-04c5-4f1e-98ca-52a656dd3513,Opal-User-649,Opal-User-649@dev.platform.hmcts.net,,
369015d7-c641-40b2-b514-3d14e15017ce,Opal-User-650,Opal-User-650@dev.platform.hmcts.net,,
662b447a-e333-4716-a5ef-9c406dfff531,Opal-User-651,Opal-User-651@dev.platform.hmcts.net,,
b44084a7-a768-4947-91ed-02ba001835e0,Opal-User-652,Opal-User-652@dev.platform.hmcts.net,,
f325bba4-0102-4867-a71c-8330b1d2d1a1,Opal-User-653,Opal-User-653@dev.platform.hmcts.net,,
95fe0cc0-5835-4f40-a3eb-cd0c33e8af91,Opal-User-654,Opal-User-654@dev.platform.hmcts.net,,
7c3d6da7-e23b-42d0-b8ab-c79b605eb232,Opal-User-655,Opal-User-655@dev.platform.hmcts.net,,
811f6133-36c4-495f-8d9b-f027d5f3f80b,Opal-User-656,Opal-User-656@dev.platform.hmcts.net,,
3a2c41fe-b228-4045-af4e-93c2ed8d9bd5,Opal-User-657,Opal-User-657@dev.platform.hmcts.net,,
477040b3-9a2c-40ca-9da0-2de06e1683cc,Opal-User-658,Opal-User-658@dev.platform.hmcts.net,,
5628058f-e2ac-43ec-8d15-e819a25ce22b,Opal-User-659,Opal-User-659@dev.platform.hmcts.net,,
3cdc5c05-536f-4dcd-b005-7374f0d2c309,Opal-User-660,Opal-User-660@dev.platform.hmcts.net,,
e62fdeff-960b-42c2-b8b8-190cbefb43b5,Opal-User-661,Opal-User-661@dev.platform.hmcts.net,,
bb418c57-10d9-4752-8c25-8fdd18fa6ec2,Opal-User-662,Opal-User-662@dev.platform.hmcts.net,,
cd73ee1f-fdc2-45f1-aedb-70c1034c1d1b,Opal-User-663,Opal-User-663@dev.platform.hmcts.net,,
25d1f5de-5c03-4f72-abac-65556a5b7caa,Opal-User-664,Opal-User-664@dev.platform.hmcts.net,,
df4b9961-cfae-4850-93a5-ad95c5684870,Opal-User-665,Opal-User-665@dev.platform.hmcts.net,,
dd761726-bcce-4607-a777-9b61f4387ab0,Opal-User-666,Opal-User-666@dev.platform.hmcts.net,,
df7d630f-ad7b-43b3-a979-945e763e8163,Opal-User-667,Opal-User-667@dev.platform.hmcts.net,,
a8107232-da76-4e8f-a412-fecaec222055,Opal-User-668,Opal-User-668@dev.platform.hmcts.net,,
f51d037f-265f-44da-a438-90628c2fbe42,Opal-User-669,Opal-User-669@dev.platform.hmcts.net,,
47ae3976-15b7-4b4b-8bcf-8bf0605cbc3a,Opal-User-670,Opal-User-670@dev.platform.hmcts.net,,
462b28d9-ba09-493b-97fa-290bd000c71e,Opal-User-671,Opal-User-671@dev.platform.hmcts.net,,
604a838f-ef8f-4cbf-b070-37c2f99c36bf,Opal-User-672,Opal-User-672@dev.platform.hmcts.net,,
8ba8b522-2629-4629-a856-fbc53ec27482,Opal-User-673,Opal-User-673@dev.platform.hmcts.net,,
6c20d64b-34b0-454d-b4ad-eb4f4fd4dc9e,Opal-User-674,Opal-User-674@dev.platform.hmcts.net,,
c4770022-5fd3-4975-b33b-413db0145fe8,Opal-User-675,Opal-User-675@dev.platform.hmcts.net,,
bba4168e-3da2-4bb8-b644-bc484a37b08a,Opal-User-676,Opal-User-676@dev.platform.hmcts.net,,
18a791f6-4e90-4a48-8acf-ea25bc9c1f3d,Opal-User-677,Opal-User-677@dev.platform.hmcts.net,,
aec80794-aa18-461b-a037-e7e345850cec,Opal-User-678,Opal-User-678@dev.platform.hmcts.net,,
b1ba68d4-4638-4bed-bb8e-e5ac4157dd34,Opal-User-679,Opal-User-679@dev.platform.hmcts.net,,
4b8bf330-52c9-45df-95f6-26291641d841,Opal-User-680,Opal-User-680@dev.platform.hmcts.net,,
b4ac1761-f9fe-4c78-b39c-7aa8d363c5af,Opal-User-681,Opal-User-681@dev.platform.hmcts.net,,
d2183084-9d5a-4b8d-94ac-6d72afa4e52f,Opal-User-682,Opal-User-682@dev.platform.hmcts.net,,
6db8819c-cfd9-4e22-84da-958e6d0150c3,Opal-User-683,Opal-User-683@dev.platform.hmcts.net,,
e5292bc1-e66c-4ee0-a442-02a3a4f321d1,Opal-User-684,Opal-User-684@dev.platform.hmcts.net,,
3d73452d-98b7-4be6-80af-1753d074f597,Opal-User-685,Opal-User-685@dev.platform.hmcts.net,,
57dee67f-ec1c-4baa-8a52-3b3d8cbdb4f6,Opal-User-686,Opal-User-686@dev.platform.hmcts.net,,
4f872fa5-b552-4359-bf7e-3a168fb765fd,Opal-User-687,Opal-User-687@dev.platform.hmcts.net,,
320ce818-6824-4199-aed7-ac83f4571b2e,Opal-User-688,Opal-User-688@dev.platform.hmcts.net,,
43faa058-81f8-4c0f-8555-0a9ce1efa3e1,Opal-User-689,Opal-User-689@dev.platform.hmcts.net,,
51e3c7d6-1b3a-4ebd-8f91-d155bb84fe0e,Opal-User-690,Opal-User-690@dev.platform.hmcts.net,,
4ebcd496-3120-47dd-96a5-9a751f7ad856,Opal-User-691,Opal-User-691@dev.platform.hmcts.net,,
2a7ecad1-6a01-4a07-9cd3-84a9f7111905,Opal-User-692,Opal-User-692@dev.platform.hmcts.net,,
1b8870b7-a903-4507-a8c5-3295867ad293,Opal-User-693,Opal-User-693@dev.platform.hmcts.net,,
5fdad82d-a55a-46b9-8a9d-5316fd654b88,Opal-User-694,Opal-User-694@dev.platform.hmcts.net,,
fef51c2e-3e20-4078-9418-a5ed7f58e450,Opal-User-695,Opal-User-695@dev.platform.hmcts.net,,
407e9d2c-e69c-47b9-9e85-4a2c9c202d8d,Opal-User-696,Opal-User-696@dev.platform.hmcts.net,,
84cdd20c-f44a-4ae8-9c25-80eec512ecca,Opal-User-697,Opal-User-697@dev.platform.hmcts.net,,
3a8022b6-0733-412f-8d29-1fc7650cc06f,Opal-User-698,Opal-User-698@dev.platform.hmcts.net,,
d0e23ae3-c38f-49d1-adaf-69658073e61f,Opal-User-699,Opal-User-699@dev.platform.hmcts.net,,
350720d3-daa5-4786-9722-fa4e65a565ee,Opal-User-700,Opal-User-700@dev.platform.hmcts.net,,
5a44aea0-2bdc-4188-a3bf-a55513eb4955,Opal-User-701,Opal-User-701@dev.platform.hmcts.net,,
5818a624-b110-4aa5-a11b-5e3c3b0c1b03,Opal-User-702,Opal-User-702@dev.platform.hmcts.net,,
dff679a1-e6cb-40d5-bc7f-140f52b7438b,Opal-User-703,Opal-User-703@dev.platform.hmcts.net,,
34b95c89-5903-475f-870d-94e564e36171,Opal-User-704,Opal-User-704@dev.platform.hmcts.net,,
f303854c-23f4-4c73-b218-f89af11dd416,Opal-User-705,Opal-User-705@dev.platform.hmcts.net,,
16c1a104-5a57-4700-ad0e-c91e0a2d3cfd,Opal-User-706,Opal-User-706@dev.platform.hmcts.net,,
a3c49302-382e-4a16-a260-27c7836399e8,Opal-User-707,Opal-User-707@dev.platform.hmcts.net,,
7293593b-b0d3-434d-9d7c-2f6fde0d8e97,Opal-User-708,Opal-User-708@dev.platform.hmcts.net,,
a051f5d3-36a9-4493-9a87-1bb0ac559472,Opal-User-709,Opal-User-709@dev.platform.hmcts.net,,
a1dca23d-d391-41cd-990b-38288b2d9662,Opal-User-710,Opal-User-710@dev.platform.hmcts.net,,
0949ce62-1355-4a9f-a1bb-2509e2c58038,Opal-User-711,Opal-User-711@dev.platform.hmcts.net,,
bde58ebe-7ecf-4e29-a61e-e73fc0a4c832,Opal-User-712,Opal-User-712@dev.platform.hmcts.net,,
120bd4dd-d5c6-488e-aa0a-a5ecbc6f4b11,Opal-User-713,Opal-User-713@dev.platform.hmcts.net,,
884a2ad0-f47b-4806-a7cc-23b82e856414,Opal-User-714,Opal-User-714@dev.platform.hmcts.net,,
66741a8e-b758-4dc7-a8bd-9874cef71157,Opal-User-715,Opal-User-715@dev.platform.hmcts.net,,
7fdb2f45-2fc7-4b3e-a747-69e8768c6760,Opal-User-716,Opal-User-716@dev.platform.hmcts.net,,
0401588e-440a-4fb1-b37e-3cfa080a1bf3,Opal-User-717,Opal-User-717@dev.platform.hmcts.net,,
459116e7-06f5-4c32-93ef-12c15ba2b28a,Opal-User-718,Opal-User-718@dev.platform.hmcts.net,,
b6745498-dfad-4ca1-b008-b8edb16de8f5,Opal-User-719,Opal-User-719@dev.platform.hmcts.net,,
58cca524-5c0c-4116-8fa2-5dbfe2f6428e,Opal-User-720,Opal-User-720@dev.platform.hmcts.net,,
67c1bedc-8268-46a1-b5be-0f96876f9305,Opal-User-721,Opal-User-721@dev.platform.hmcts.net,,
86a8eba1-4ec3-4c33-945c-d331f2d7d529,Opal-User-722,Opal-User-722@dev.platform.hmcts.net,,
90282fb6-c07d-42e9-b868-ff00c49d412f,Opal-User-723,Opal-User-723@dev.platform.hmcts.net,,
c4e98d05-39a6-494a-bebd-7d4bc33eea52,Opal-User-724,Opal-User-724@dev.platform.hmcts.net,,
93cbae9f-6e59-4444-9bfd-cccd4674b9f8,Opal-User-725,Opal-User-725@dev.platform.hmcts.net,,
7134319f-d5c8-435a-9ef2-cbdb85da5d36,Opal-User-726,Opal-User-726@dev.platform.hmcts.net,,
bfe42b92-2f4a-4c93-ae12-43b3d4277d9c,Opal-User-727,Opal-User-727@dev.platform.hmcts.net,,
1f52e063-96ce-4871-b76e-53d9bf7d964d,Opal-User-728,Opal-User-728@dev.platform.hmcts.net,,
e31ff43e-2357-4980-ae64-12e7240fa08c,Opal-User-729,Opal-User-729@dev.platform.hmcts.net,,
d32fb082-9f30-4458-94fb-2845411f1f1b,Opal-User-730,Opal-User-730@dev.platform.hmcts.net,,
08770a1e-b797-4b11-bebb-c000d1719ab6,Opal-User-731,Opal-User-731@dev.platform.hmcts.net,,
dda7e81a-8543-4afc-b8b3-a47f0cc9e8ea,Opal-User-732,Opal-User-732@dev.platform.hmcts.net,,
ca932999-2a7c-447c-934b-7587ae2480c8,Opal-User-733,Opal-User-733@dev.platform.hmcts.net,,
44603c03-650c-42a6-9a33-d4e0a8a43aa1,Opal-User-734,Opal-User-734@dev.platform.hmcts.net,,
dd30bb39-31cd-4dfb-928f-68b552ac30bd,Opal-User-735,Opal-User-735@dev.platform.hmcts.net,,
79315c7f-c832-4075-af60-d226e49e22d0,Opal-User-736,Opal-User-736@dev.platform.hmcts.net,,
2b0a5c34-480a-4a55-834c-d851c5931573,Opal-User-737,Opal-User-737@dev.platform.hmcts.net,,
eb9d684c-a925-4e3c-9df4-cc7c9aa6e823,Opal-User-738,Opal-User-738@dev.platform.hmcts.net,,
c8afa4d3-6607-4be4-a291-87eb582ff1c3,Opal-User-739,Opal-User-739@dev.platform.hmcts.net,,
fe30bba6-65df-4940-86b5-35fce6c98fd1,Opal-User-740,Opal-User-740@dev.platform.hmcts.net,,
1ccc7da5-1357-4522-a942-9535734fe7a7,Opal-User-741,Opal-User-741@dev.platform.hmcts.net,,
9b3c60fd-d790-4c26-924e-9487ca445a0e,Opal-User-742,Opal-User-742@dev.platform.hmcts.net,,
204f347c-5fd2-4692-ab5d-df8829f5c01c,Opal-User-743,Opal-User-743@dev.platform.hmcts.net,,
34a2ce2e-9afa-4491-ab17-13c9b54ec4e3,Opal-User-744,Opal-User-744@dev.platform.hmcts.net,,
44cf8aed-b33f-485d-82b9-3e8aee26fe2f,Opal-User-745,Opal-User-745@dev.platform.hmcts.net,,
90ac9c75-ca01-494e-aeef-4a3470e8ca65,Opal-User-746,Opal-User-746@dev.platform.hmcts.net,,
3bd07817-1214-4303-859f-adb63a076bdf,Opal-User-747,Opal-User-747@dev.platform.hmcts.net,,
8a2a8f9e-84cd-4ad9-a409-6736203bca48,Opal-User-748,Opal-User-748@dev.platform.hmcts.net,,
3fe1ab07-6c7c-426c-a259-d07f3d71cf38,Opal-User-749,Opal-User-749@dev.platform.hmcts.net,,
426b249f-a6e9-4f15-a139-2260b3ad4f2b,Opal-User-750,Opal-User-750@dev.platform.hmcts.net,,
65e84399-c636-4ad0-bd3c-4899539d848e,Opal-User-751,Opal-User-751@dev.platform.hmcts.net,,
7d8000e0-99da-4ce5-b26d-42b4ca36efc7,Opal-User-752,Opal-User-752@dev.platform.hmcts.net,,
ff2ebc1d-eb04-4666-8c16-43c5d7d4f96a,Opal-User-753,Opal-User-753@dev.platform.hmcts.net,,
c7bffc2b-8dcf-4052-8a60-492f3d5872db,Opal-User-754,Opal-User-754@dev.platform.hmcts.net,,
29ec8b98-afc0-47b2-8c52-3d5105986f69,Opal-User-755,Opal-User-755@dev.platform.hmcts.net,,
d2ddca58-bf30-45cd-a2b4-08eefd5dc2ed,Opal-User-756,Opal-User-756@dev.platform.hmcts.net,,
28279e37-a124-4aec-a111-b8913c334936,Opal-User-757,Opal-User-757@dev.platform.hmcts.net,,
e2ca6eb8-ee80-4d54-a704-5362ce5dccff,Opal-User-758,Opal-User-758@dev.platform.hmcts.net,,
bbdd0501-c72a-42f4-87d4-6d476064a0f6,Opal-User-759,Opal-User-759@dev.platform.hmcts.net,,
d6e4f16a-ed01-4e33-8ffe-4ae6fadddf7a,Opal-User-760,Opal-User-760@dev.platform.hmcts.net,,
134b7ee2-27f7-48bc-9977-1365ee493a76,Opal-User-761,Opal-User-761@dev.platform.hmcts.net,,
41986fc7-ca48-4b83-9288-61ce5b3d330d,Opal-User-762,Opal-User-762@dev.platform.hmcts.net,,
89c0badb-0fde-4c15-86f9-8613695aafb0,Opal-User-763,Opal-User-763@dev.platform.hmcts.net,,
2d30720f-b45d-4263-bc2b-fbdf30eab554,Opal-User-764,Opal-User-764@dev.platform.hmcts.net,,
4276a804-aa27-42a5-bb40-523d15baad3e,Opal-User-765,Opal-User-765@dev.platform.hmcts.net,,
d5a090f7-33ac-4aa9-a624-3594762505a6,Opal-User-766,Opal-User-766@dev.platform.hmcts.net,,
a10f3ab8-ab58-40ac-b2e7-cda86be00f65,Opal-User-767,Opal-User-767@dev.platform.hmcts.net,,
5c482d81-3e76-4671-a5aa-625b05e007ee,Opal-User-768,Opal-User-768@dev.platform.hmcts.net,,
3ed8e34f-c274-4b1b-b824-07f4d3f63508,Opal-User-769,Opal-User-769@dev.platform.hmcts.net,,
e3cf4fc0-0a0b-40ab-926e-901298d4cba8,Opal-User-770,Opal-User-770@dev.platform.hmcts.net,,
3c4a9dab-34fc-4295-be36-fbe08de82ee3,Opal-User-771,Opal-User-771@dev.platform.hmcts.net,,
a16e060d-d0bb-4655-bcf8-6a10a0cd5202,Opal-User-772,Opal-User-772@dev.platform.hmcts.net,,
e3a6dac4-2321-4a94-8737-b06ee4432aee,Opal-User-773,Opal-User-773@dev.platform.hmcts.net,,
b92a7797-ee24-44e6-aef0-2b44a4e2be0b,Opal-User-774,Opal-User-774@dev.platform.hmcts.net,,
c3dca8cb-fba9-43f2-9358-147aee8cf961,Opal-User-775,Opal-User-775@dev.platform.hmcts.net,,
2bc095a2-4086-4a2a-8813-ff0e35ea1415,Opal-User-776,Opal-User-776@dev.platform.hmcts.net,,
0af22dd7-4731-42ff-82db-49e6c7b9fdc3,Opal-User-777,Opal-User-777@dev.platform.hmcts.net,,
264f50b8-7724-4b9d-887e-3c88224748ce,Opal-User-778,Opal-User-778@dev.platform.hmcts.net,,
b4c8a05d-9561-4c66-9967-173ffef86abc,Opal-User-779,Opal-User-779@dev.platform.hmcts.net,,
c4efb3c3-cd04-421a-823d-7e0a89c52a48,Opal-User-780,Opal-User-780@dev.platform.hmcts.net,,
8b7db771-1912-4911-a395-5854c3754bb1,Opal-User-781,Opal-User-781@dev.platform.hmcts.net,,
f271b868-12f0-4ef3-aba3-239486dcc4a6,Opal-User-782,Opal-User-782@dev.platform.hmcts.net,,
dfbfe50b-f2ab-46aa-8b3a-886694033716,Opal-User-783,Opal-User-783@dev.platform.hmcts.net,,
4679ce15-4620-4898-bba6-fbb20f6026d7,Opal-User-784,Opal-User-784@dev.platform.hmcts.net,,
4b7f3ea5-4c32-4caf-adf6-b2b85eede8f1,Opal-User-785,Opal-User-785@dev.platform.hmcts.net,,
6a12f42c-8ea4-4059-b11f-a7c085ddc8ec,Opal-User-786,Opal-User-786@dev.platform.hmcts.net,,
1f28a388-34db-4626-80d8-8279b16ed95c,Opal-User-787,Opal-User-787@dev.platform.hmcts.net,,
5c730ad8-8ef3-4193-8091-506ef4885b0e,Opal-User-788,Opal-User-788@dev.platform.hmcts.net,,
68264b6b-3c3e-4b57-8d93-bc496e08ded0,Opal-User-789,Opal-User-789@dev.platform.hmcts.net,,
2eaa5328-2c28-439c-bfef-ee7b303bca75,Opal-User-790,Opal-User-790@dev.platform.hmcts.net,,
96785eb3-df74-4aac-af0a-43539392ebb9,Opal-User-791,Opal-User-791@dev.platform.hmcts.net,,
613701ab-2ac7-4f00-a9dd-0f8d610a5b10,Opal-User-792,Opal-User-792@dev.platform.hmcts.net,,
6e5f4d7f-01c5-48c6-a523-64c3d47505af,Opal-User-793,Opal-User-793@dev.platform.hmcts.net,,
f15021dd-65cc-4008-adaf-293ec94ebf67,Opal-User-794,Opal-User-794@dev.platform.hmcts.net,,
b8b55aed-fd3f-4833-8010-d7f7f063bfd0,Opal-User-795,Opal-User-795@dev.platform.hmcts.net,,
44bf4363-6633-459e-930b-59a60600400b,Opal-User-796,Opal-User-796@dev.platform.hmcts.net,,
1b1e0ccd-900a-4a85-aea7-b5920b66fae3,Opal-User-797,Opal-User-797@dev.platform.hmcts.net,,
f07e15c6-51c8-4f1e-9cfa-a5f3e5dba033,Opal-User-798,Opal-User-798@dev.platform.hmcts.net,,
010785e2-1ef4-4faf-bfe5-566102d5456e,Opal-User-799,Opal-User-799@dev.platform.hmcts.net,,
93c4876d-6ddc-48d4-8b50-71fd407a2b48,Opal-User-800,Opal-User-800@dev.platform.hmcts.net,,
196be0c1-3d30-4244-9d84-907191af4633,Opal-User-801,Opal-User-801@dev.platform.hmcts.net,,
85602d5c-67da-4ee1-894f-5bfade6293f7,Opal-User-802,Opal-User-802@dev.platform.hmcts.net,,
c45c9a4a-e056-46af-be3a-f6cc1666f88e,Opal-User-803,Opal-User-803@dev.platform.hmcts.net,,
58b894a9-a288-4609-962d-012fe0a5c660,Opal-User-804,Opal-User-804@dev.platform.hmcts.net,,
318423c2-3f40-4dd0-8c09-55e8c82f2505,Opal-User-805,Opal-User-805@dev.platform.hmcts.net,,
8c6d3dfd-ae2f-4550-9ab9-cc4734dcb651,Opal-User-806,Opal-User-806@dev.platform.hmcts.net,,
f7075a45-909a-421f-b466-a5e85f2215ba,Opal-User-807,Opal-User-807@dev.platform.hmcts.net,,
d46b4fa6-9a9e-418c-98bc-77094749319f,Opal-User-808,Opal-User-808@dev.platform.hmcts.net,,
85216305-f32d-4cfb-860e-20aa6d1de96a,Opal-User-809,Opal-User-809@dev.platform.hmcts.net,,
0fa7763c-ce06-4cc5-b7bf-e77d0a4eb2ec,Opal-User-810,Opal-User-810@dev.platform.hmcts.net,,
f66ea036-b190-49b8-b494-407fd6be7bf2,Opal-User-811,Opal-User-811@dev.platform.hmcts.net,,
eadb163c-441d-4838-b664-1ff3d76d72f2,Opal-User-812,Opal-User-812@dev.platform.hmcts.net,,
c357c79e-3006-42e3-9378-f36964bb49cb,Opal-User-813,Opal-User-813@dev.platform.hmcts.net,,
5dd4b1f7-504c-47c4-bb4d-7ff375396246,Opal-User-814,Opal-User-814@dev.platform.hmcts.net,,
42f84139-1ebc-4cb9-96aa-83086391d149,Opal-User-815,Opal-User-815@dev.platform.hmcts.net,,
45e994ff-3ebd-4077-a6b4-c5497296e650,Opal-User-816,Opal-User-816@dev.platform.hmcts.net,,
127856d0-4af8-4884-9beb-e3bf13074f90,Opal-User-817,Opal-User-817@dev.platform.hmcts.net,,
9a53a0f2-346e-4228-985c-2a5f24332c13,Opal-User-818,Opal-User-818@dev.platform.hmcts.net,,
74ad1257-92f2-40c5-b4ca-7c6d4a3d06f9,Opal-User-819,Opal-User-819@dev.platform.hmcts.net,,
4ad3e332-95d7-4d64-9a44-135ce6aeb92a,Opal-User-820,Opal-User-820@dev.platform.hmcts.net,,
2d527e91-d6b1-471d-8dce-4e056faf5787,Opal-User-821,Opal-User-821@dev.platform.hmcts.net,,
dca4d705-3e9c-43bc-87c5-ee39bd1be20f,Opal-User-822,Opal-User-822@dev.platform.hmcts.net,,
75cbe940-1896-4a31-904b-7ee20272579e,Opal-User-823,Opal-User-823@dev.platform.hmcts.net,,
26d749a7-f7da-4a7f-aad3-7a30b31104c3,Opal-User-824,Opal-User-824@dev.platform.hmcts.net,,
c32caedd-f790-4c41-8952-0cdc1359b0a1,Opal-User-825,Opal-User-825@dev.platform.hmcts.net,,
13e36675-0551-4e52-baad-ea200a28d756,Opal-User-826,Opal-User-826@dev.platform.hmcts.net,,
8e4a8f9c-b55e-42b1-824a-4fd5f5be43e6,Opal-User-827,Opal-User-827@dev.platform.hmcts.net,,
279df3fb-7c48-464c-b204-7ba92c788788,Opal-User-828,Opal-User-828@dev.platform.hmcts.net,,
6cf18a61-4867-454b-84ff-97dfd2e048a1,Opal-User-829,Opal-User-829@dev.platform.hmcts.net,,
7998f1d7-a0a4-4210-89f8-d7719d9067b5,Opal-User-830,Opal-User-830@dev.platform.hmcts.net,,
6dae3556-250c-4f40-ae16-6e9be7374d7e,Opal-User-831,Opal-User-831@dev.platform.hmcts.net,,
4c0ee5a8-d053-420e-82e3-527ea1730e17,Opal-User-832,Opal-User-832@dev.platform.hmcts.net,,
fc1acac8-e386-46ee-a178-b2a97f2fbac1,Opal-User-833,Opal-User-833@dev.platform.hmcts.net,,
0f61f853-9ab4-48a6-9dc5-f60b0543b4f0,Opal-User-834,Opal-User-834@dev.platform.hmcts.net,,
9ce7f930-4d3a-4d6e-8d0d-73caa0ea4351,Opal-User-835,Opal-User-835@dev.platform.hmcts.net,,
8e65fb0a-0142-42de-8f91-72088d118375,Opal-User-836,Opal-User-836@dev.platform.hmcts.net,,
0cfa1114-43cb-4c68-9741-43e2ed64063b,Opal-User-837,Opal-User-837@dev.platform.hmcts.net,,
992a98c2-267b-423f-8c8c-9f93efb26588,Opal-User-838,Opal-User-838@dev.platform.hmcts.net,,
b2a91886-730e-4bca-a68d-72c5d9a3fff6,Opal-User-839,Opal-User-839@dev.platform.hmcts.net,,
dd1dd052-827f-4802-a435-7a4cecdf2b36,Opal-User-840,Opal-User-840@dev.platform.hmcts.net,,
28485722-8d87-40ba-88ab-7fc36f56f999,Opal-User-841,Opal-User-841@dev.platform.hmcts.net,,
c3422e56-5d5e-42ef-9d05-2b0c7c8e6794,Opal-User-842,Opal-User-842@dev.platform.hmcts.net,,
e5b0e8b3-7c30-44e6-bd87-9aa28e890427,Opal-User-843,Opal-User-843@dev.platform.hmcts.net,,
0e32b42e-2ebe-4c92-93c4-7bca20afd9ce,Opal-User-844,Opal-User-844@dev.platform.hmcts.net,,
558c0e14-ba00-4037-aa7d-805e631073fc,Opal-User-845,Opal-User-845@dev.platform.hmcts.net,,
f0092ead-9ee8-4319-b4ab-a55f21b59324,Opal-User-846,Opal-User-846@dev.platform.hmcts.net,,
870ecac9-e153-4c2d-b9b7-52c80104bca4,Opal-User-847,Opal-User-847@dev.platform.hmcts.net,,
a3851b96-8c82-495a-bfc4-9437339aa11f,Opal-User-848,Opal-User-848@dev.platform.hmcts.net,,
8c4c3cd0-4aac-42fb-a9a5-2a99ac5091a3,Opal-User-849,Opal-User-849@dev.platform.hmcts.net,,
ebb3afdc-ec24-47fe-a864-9c581d858c27,Opal-User-850,Opal-User-850@dev.platform.hmcts.net,,
0c7f78bc-33a6-4ade-9f1f-c649e85a5b3d,Opal-User-851,Opal-User-851@dev.platform.hmcts.net,,
49801324-ddbd-4424-a959-955165b09ae8,Opal-User-852,Opal-User-852@dev.platform.hmcts.net,,
ec202bb5-9ecf-484c-838c-4a5b0a099c98,Opal-User-853,Opal-User-853@dev.platform.hmcts.net,,
a484b9d2-415f-43ee-a699-366b1fb2339a,Opal-User-854,Opal-User-854@dev.platform.hmcts.net,,
e9f4c3f1-5cbc-4d19-b6b8-294b1058c9da,Opal-User-855,Opal-User-855@dev.platform.hmcts.net,,
fb45b792-c687-441f-aaac-ebfc390501f6,Opal-User-856,Opal-User-856@dev.platform.hmcts.net,,
246cec38-bdf6-4e7d-add6-6e8a45a1ddfc,Opal-User-857,Opal-User-857@dev.platform.hmcts.net,,
fddf069b-58cc-471d-8a61-c3c1fc6f6b6c,Opal-User-858,Opal-User-858@dev.platform.hmcts.net,,
d441ebe0-d43c-4749-aa0d-9297f25b03c4,Opal-User-859,Opal-User-859@dev.platform.hmcts.net,,
415efade-9b81-43ac-8867-35be6060ca11,Opal-User-860,Opal-User-860@dev.platform.hmcts.net,,
b35325ba-eeb5-45d2-9d4c-b16cd1b83a7c,Opal-User-861,Opal-User-861@dev.platform.hmcts.net,,
460cf3b1-b9e4-498b-a44f-f8dac810b251,Opal-User-862,Opal-User-862@dev.platform.hmcts.net,,
5c3f6697-4e60-47ea-9f1b-b1a710f1b11f,Opal-User-863,Opal-User-863@dev.platform.hmcts.net,,
de7019c4-e965-492c-93d9-976d6d1944dd,Opal-User-864,Opal-User-864@dev.platform.hmcts.net,,
a769da03-0520-47cc-a139-9374fd79ae8a,Opal-User-865,Opal-User-865@dev.platform.hmcts.net,,
da992466-0fc0-4d01-ae91-bfe6c4e19728,Opal-User-866,Opal-User-866@dev.platform.hmcts.net,,
d371b8ac-7f5a-404a-bbc2-f45ab783de06,Opal-User-867,Opal-User-867@dev.platform.hmcts.net,,
0b11c001-1ec9-4990-9c0b-2c83de07b2c2,Opal-User-868,Opal-User-868@dev.platform.hmcts.net,,
01b6186c-2168-48d9-a61b-b4999ac1083e,Opal-User-869,Opal-User-869@dev.platform.hmcts.net,,
7e4b4e26-b785-4f6e-b9f6-5a326a3751c2,Opal-User-870,Opal-User-870@dev.platform.hmcts.net,,
e90cd14e-5d82-482d-92af-4184fe07789e,Opal-User-871,Opal-User-871@dev.platform.hmcts.net,,
f714626b-29b6-444b-ae93-28493677aa7d,Opal-User-872,Opal-User-872@dev.platform.hmcts.net,,
d22843c1-0ff4-43ae-b403-77a2f98ca349,Opal-User-873,Opal-User-873@dev.platform.hmcts.net,,
6a17a2ed-37a9-4d9b-9c99-0a431cb25026,Opal-User-874,Opal-User-874@dev.platform.hmcts.net,,
118f7704-c3eb-484d-afd0-0f4531ec0647,Opal-User-875,Opal-User-875@dev.platform.hmcts.net,,
d43954ee-9789-41f6-a5f5-d71eb134c041,Opal-User-876,Opal-User-876@dev.platform.hmcts.net,,
9fd81267-5f17-42a0-b8bf-dd7d7b8a4c6e,Opal-User-877,Opal-User-877@dev.platform.hmcts.net,,
d2dcddb9-aeda-43f1-8545-06dfa295ca44,Opal-User-878,Opal-User-878@dev.platform.hmcts.net,,
a6385d8d-a55d-4e25-95b1-21f289cad221,Opal-User-879,Opal-User-879@dev.platform.hmcts.net,,
541e8397-92e3-4d50-a324-2aff9452fd2b,Opal-User-880,Opal-User-880@dev.platform.hmcts.net,,
ce71b69f-924b-4b42-9a99-87b92a8f6a84,Opal-User-881,Opal-User-881@dev.platform.hmcts.net,,
e1ed5759-fa8e-4e2d-9195-3aafd0abcd1c,Opal-User-882,Opal-User-882@dev.platform.hmcts.net,,
f456eeb4-c60a-412c-9add-48c25f4cedaa,Opal-User-883,Opal-User-883@dev.platform.hmcts.net,,
183b3549-19b7-460f-ad6e-fccde22c47fe,Opal-User-884,Opal-User-884@dev.platform.hmcts.net,,
40901907-9993-4be8-a660-1591cbe85528,Opal-User-885,Opal-User-885@dev.platform.hmcts.net,,
7dddb244-532d-43d0-b2be-799cadd607b3,Opal-User-886,Opal-User-886@dev.platform.hmcts.net,,
3c5c5e69-92d2-4c8b-afe5-8456f6692efc,Opal-User-887,Opal-User-887@dev.platform.hmcts.net,,
dd28eda9-0453-42b4-a1f7-6ea4d86464cb,Opal-User-888,Opal-User-888@dev.platform.hmcts.net,,
258a2bf4-d8cd-4b10-87b4-92235aa0008b,Opal-User-889,Opal-User-889@dev.platform.hmcts.net,,
2a2823c7-3a8a-42ee-8fbc-a222dad924e1,Opal-User-890,Opal-User-890@dev.platform.hmcts.net,,
243b755f-973d-44d6-83d4-9b4f2dbdc6fc,Opal-User-891,Opal-User-891@dev.platform.hmcts.net,,
35b2416c-8a09-4059-9f1a-8e89f366a0b2,Opal-User-892,Opal-User-892@dev.platform.hmcts.net,,
b80dc18a-9463-4149-91ba-7aed866cc834,Opal-User-893,Opal-User-893@dev.platform.hmcts.net,,
169a089d-e0d5-41c3-9253-df3538ec1825,Opal-User-894,Opal-User-894@dev.platform.hmcts.net,,
eec16f90-b6f0-478c-81cb-a3bb82e18c5d,Opal-User-895,Opal-User-895@dev.platform.hmcts.net,,
b4ad7132-55a6-4338-89c6-f69b8d0a669f,Opal-User-896,Opal-User-896@dev.platform.hmcts.net,,
56d6d097-6c92-4865-a6da-dc21a1294f72,Opal-User-897,Opal-User-897@dev.platform.hmcts.net,,
bcd738b4-f711-4af2-bf96-bbf04220a359,Opal-User-898,Opal-User-898@dev.platform.hmcts.net,,
b8b72401-33f5-4a59-8f0c-2f17406d382d,Opal-User-899,Opal-User-899@dev.platform.hmcts.net,,
4b1b613e-7782-4233-8207-54abf5900be7,Opal-User-900,Opal-User-900@dev.platform.hmcts.net,,
8dd762e6-d429-42ad-a170-d760bf57c420,Opal-User-901,Opal-User-901@dev.platform.hmcts.net,,
7a1eceac-6eec-46af-8cce-f6988730523b,Opal-User-902,Opal-User-902@dev.platform.hmcts.net,,
0fe504cd-3c31-40ff-8c2a-4d4aeb3320d6,Opal-User-903,Opal-User-903@dev.platform.hmcts.net,,
d3324ae9-53e1-4b98-b9f5-b334e2f649df,Opal-User-904,Opal-User-904@dev.platform.hmcts.net,,
b59866d9-b6e6-4607-8306-4924e02f6671,Opal-User-905,Opal-User-905@dev.platform.hmcts.net,,
bcf35919-fd17-4b54-a6f2-a5cc4e957c2e,Opal-User-906,Opal-User-906@dev.platform.hmcts.net,,
026d0db1-141e-4321-ba6d-72916c0a6fa1,Opal-User-907,Opal-User-907@dev.platform.hmcts.net,,
a0f870e5-c5e9-44eb-8902-288aa660bf81,Opal-User-908,Opal-User-908@dev.platform.hmcts.net,,
ef6e5074-7ed2-4447-a45a-0aff3908e95f,Opal-User-909,Opal-User-909@dev.platform.hmcts.net,,
a9fac564-0c88-49bd-a328-8770d6998e9b,Opal-User-910,Opal-User-910@dev.platform.hmcts.net,,
0156da40-472d-4402-93c1-3a29c6b696e5,Opal-User-911,Opal-User-911@dev.platform.hmcts.net,,
3c12027b-cb0c-4501-b457-1afd3032737c,Opal-User-912,Opal-User-912@dev.platform.hmcts.net,,
5184c59e-cddb-434b-b683-b40d888b375e,Opal-User-913,Opal-User-913@dev.platform.hmcts.net,,
fada4729-d4a7-47dc-b7a7-fa9854f0fd24,Opal-User-914,Opal-User-914@dev.platform.hmcts.net,,
88e74a8f-b524-46d2-9a38-5c7aefb6f079,Opal-User-915,Opal-User-915@dev.platform.hmcts.net,,
5ffd2f36-7d22-4631-ad63-186587f42d33,Opal-User-916,Opal-User-916@dev.platform.hmcts.net,,
371905a9-ee0d-4f28-9295-4f0007a6354e,Opal-User-917,Opal-User-917@dev.platform.hmcts.net,,
4e3dbc66-7810-47dc-ab0a-7cc50b17bc27,Opal-User-918,Opal-User-918@dev.platform.hmcts.net,,
a5ae52f6-5ea6-4c2a-976a-825bcb5490b3,Opal-User-919,Opal-User-919@dev.platform.hmcts.net,,
4a438bb1-bc8e-49c2-b9ba-6bf9dd193b90,Opal-User-920,Opal-User-920@dev.platform.hmcts.net,,
aaab84fc-8a7e-4d3b-bc7e-c07d80e3d319,Opal-User-921,Opal-User-921@dev.platform.hmcts.net,,
8e1d745c-5d86-439f-b7c9-b1d967853000,Opal-User-922,Opal-User-922@dev.platform.hmcts.net,,
da12dec0-974d-46f8-9c78-9445bde29d4a,Opal-User-923,Opal-User-923@dev.platform.hmcts.net,,
6a634ea4-b967-4191-be05-3739e6c95bfc,Opal-User-924,Opal-User-924@dev.platform.hmcts.net,,
6a7574f1-572a-4edd-ab71-f7fc9667beff,Opal-User-925,Opal-User-925@dev.platform.hmcts.net,,
bcb32fd8-7e8e-4cd2-a04b-bbf668829563,Opal-User-926,Opal-User-926@dev.platform.hmcts.net,,
6f84bd6d-11e5-452f-be2f-98fd4489ebb8,Opal-User-927,Opal-User-927@dev.platform.hmcts.net,,
f0c107a9-efe8-40bb-bd5c-891efee65f63,Opal-User-928,Opal-User-928@dev.platform.hmcts.net,,
8ed73c3d-7630-4439-bcd8-849bcb735a4c,Opal-User-929,Opal-User-929@dev.platform.hmcts.net,,
47520e63-8545-48c7-90d4-7a0c48801c0f,Opal-User-930,Opal-User-930@dev.platform.hmcts.net,,
3b1d3c7e-623b-4a56-8973-203a6ea7a021,Opal-User-931,Opal-User-931@dev.platform.hmcts.net,,
630f7b17-70e1-494d-b305-bfda9fd61871,Opal-User-932,Opal-User-932@dev.platform.hmcts.net,,
f35ea734-cead-4fae-b234-fabe46d48398,Opal-User-933,Opal-User-933@dev.platform.hmcts.net,,
972ffa16-8f47-430e-b219-3b9ebcf8f44a,Opal-User-934,Opal-User-934@dev.platform.hmcts.net,,
bb03187c-426c-4a19-b899-7b9e75788f07,Opal-User-935,Opal-User-935@dev.platform.hmcts.net,,
4f381df1-01b5-4eed-9c7a-41f9098c415c,Opal-User-936,Opal-User-936@dev.platform.hmcts.net,,
483cca7e-eb70-4216-87d7-bd2dda4dbab8,Opal-User-937,Opal-User-937@dev.platform.hmcts.net,,
b95c2d1f-afa8-4e9a-936f-27b939b047ef,Opal-User-938,Opal-User-938@dev.platform.hmcts.net,,
50692e4b-555e-48c0-b39e-e39c2846bfe2,Opal-User-939,Opal-User-939@dev.platform.hmcts.net,,
85ac394b-3b22-4556-9381-9f48f4053056,Opal-User-940,Opal-User-940@dev.platform.hmcts.net,,
11f71241-4dad-4e3e-ae9e-7a6cf606d117,Opal-User-941,Opal-User-941@dev.platform.hmcts.net,,
b022b449-a228-40a5-a1cd-bae602db25cb,Opal-User-942,Opal-User-942@dev.platform.hmcts.net,,
ec2a53ac-6b0d-4395-9102-d012ab90e4be,Opal-User-943,Opal-User-943@dev.platform.hmcts.net,,
c9eaacd2-3089-497a-9217-014b47a8b2cd,Opal-User-944,Opal-User-944@dev.platform.hmcts.net,,
38bb3f75-a0cd-4b6e-91dd-7662a02bf6fb,Opal-User-945,Opal-User-945@dev.platform.hmcts.net,,
7a7ba024-8fce-4aac-bde3-f639dcde8281,Opal-User-946,Opal-User-946@dev.platform.hmcts.net,,
bd9c47fe-8e25-4c9f-9588-78e8c1927a7d,Opal-User-947,Opal-User-947@dev.platform.hmcts.net,,
89606ae5-2f0c-4cc3-9472-32d17e259745,Opal-User-948,Opal-User-948@dev.platform.hmcts.net,,
ac7180ef-6929-4fd3-be39-98347307db1e,Opal-User-949,Opal-User-949@dev.platform.hmcts.net,,
643c02c5-0ec5-4300-9ecb-108355444a67,Opal-User-950,Opal-User-950@dev.platform.hmcts.net,,
25bca518-8894-4944-b152-d7bd87c4d2ee,Opal-User-951,Opal-User-951@dev.platform.hmcts.net,,
e6f5e7f5-5d7f-4579-a285-41cc49714cca,Opal-User-952,Opal-User-952@dev.platform.hmcts.net,,
3906a2d3-4c3d-4f12-9cc9-64e3a4182575,Opal-User-953,Opal-User-953@dev.platform.hmcts.net,,
f4d46844-a0aa-479e-bb12-084dd46267cd,Opal-User-954,Opal-User-954@dev.platform.hmcts.net,,
bc04c80e-0a23-4ff7-ba77-ce039befaa47,Opal-User-955,Opal-User-955@dev.platform.hmcts.net,,
c218be9c-21f7-4d13-803c-9418f96f484d,Opal-User-956,Opal-User-956@dev.platform.hmcts.net,,
d20610cb-35af-4256-949e-c33b79222e70,Opal-User-957,Opal-User-957@dev.platform.hmcts.net,,
f0e557a7-f693-4ac4-b31f-7da48dfcd42e,Opal-User-958,Opal-User-958@dev.platform.hmcts.net,,
d9df6c59-c7ee-4a4a-a143-69abbcc3b346,Opal-User-959,Opal-User-959@dev.platform.hmcts.net,,
3aaf1b04-9bbe-4afd-bf59-214c942ecf67,Opal-User-960,Opal-User-960@dev.platform.hmcts.net,,
e3b4a4a9-b65d-46cf-9828-76996788f761,Opal-User-961,Opal-User-961@dev.platform.hmcts.net,,
a735c9f4-08a4-4db7-9ca7-4e94d04f37ba,Opal-User-962,Opal-User-962@dev.platform.hmcts.net,,
ba0d63b4-c05d-49f8-a9a1-a8a948d1206e,Opal-User-963,Opal-User-963@dev.platform.hmcts.net,,
808e569f-f08a-4433-b192-9bbe7c232a54,Opal-User-964,Opal-User-964@dev.platform.hmcts.net,,
66cf66c6-6ca2-4b3b-a715-229c33f9f591,Opal-User-965,Opal-User-965@dev.platform.hmcts.net,,
ea5d9423-4adc-48ce-9cd8-4023030ef94f,Opal-User-966,Opal-User-966@dev.platform.hmcts.net,,
b9f1d5e1-edac-4adb-9418-835e2e173acb,Opal-User-967,Opal-User-967@dev.platform.hmcts.net,,
b687452b-009a-4940-b1d8-5f472be523b2,Opal-User-968,Opal-User-968@dev.platform.hmcts.net,,
ed6f0c50-7ee6-4d50-a36e-53548a1d2622,Opal-User-969,Opal-User-969@dev.platform.hmcts.net,,
ea7ece11-8042-4e0e-ad41-8513096bc208,Opal-User-970,Opal-User-970@dev.platform.hmcts.net,,
c14b2824-ac16-46af-8214-094c4f3e0ad5,Opal-User-971,Opal-User-971@dev.platform.hmcts.net,,
9178970e-dfed-421b-adaf-a7bb9bf6a37a,Opal-User-972,Opal-User-972@dev.platform.hmcts.net,,
bf1e32c8-bc84-4035-9c06-c961d1142608,Opal-User-973,Opal-User-973@dev.platform.hmcts.net,,
75ca0ba7-e744-444a-8508-0a75c08eb470,Opal-User-974,Opal-User-974@dev.platform.hmcts.net,,
13306656-f5e8-4b35-a75c-75b45a2512b2,Opal-User-975,Opal-User-975@dev.platform.hmcts.net,,
dce38209-9d9e-40e6-9b6c-b700ae2c8ed2,Opal-User-976,Opal-User-976@dev.platform.hmcts.net,,
1e5f9a98-3695-4bc7-99c2-f5bda5af9dea,Opal-User-977,Opal-User-977@dev.platform.hmcts.net,,
58fe5be5-1f00-4178-8159-71b018ef2bc0,Opal-User-978,Opal-User-978@dev.platform.hmcts.net,,
0358a153-2685-4fda-8af4-75cb6bb48e43,Opal-User-979,Opal-User-979@dev.platform.hmcts.net,,
3c66f6e1-4414-490f-bc8f-a0804521d096,Opal-User-980,Opal-User-980@dev.platform.hmcts.net,,
df982379-46f7-45ff-a1b4-4754f5f2754d,Opal-User-981,Opal-User-981@dev.platform.hmcts.net,,
e943b552-6821-46d8-98b4-e02bb2494aa8,Opal-User-982,Opal-User-982@dev.platform.hmcts.net,,
d4079188-b1a9-47f7-98d9-bfcdcb881eac,Opal-User-983,Opal-User-983@dev.platform.hmcts.net,,
02e4d612-cc70-47aa-996c-9aaa26b4942d,Opal-User-984,Opal-User-984@dev.platform.hmcts.net,,
9cc11c4a-56fe-4c76-957d-79bd09798e82,Opal-User-985,Opal-User-985@dev.platform.hmcts.net,,
f1f0d45f-dbb8-4340-9cae-f471836b38dc,Opal-User-986,Opal-User-986@dev.platform.hmcts.net,,
423a5aab-aba6-4bc8-a6b2-1d326e13d3f8,Opal-User-987,Opal-User-987@dev.platform.hmcts.net,,
4863d898-c17f-4b10-8ef6-4859c5030d9d,Opal-User-988,Opal-User-988@dev.platform.hmcts.net,,
5abfe53d-1ad6-4745-94d5-2844858d34c9,Opal-User-989,Opal-User-989@dev.platform.hmcts.net,,
d3c18369-8391-460d-9382-57eb29e4b0fa,Opal-User-990,Opal-User-990@dev.platform.hmcts.net,,
0e183feb-362c-4fe1-8a33-ed3e141f6c1d,Opal-User-991,Opal-User-991@dev.platform.hmcts.net,,
2ec2250c-d41d-44b4-9f54-d365bf9686c7,Opal-User-992,Opal-User-992@dev.platform.hmcts.net,,
894bf3d0-c895-4a66-8138-94e718b9cc53,Opal-User-993,Opal-User-993@dev.platform.hmcts.net,,
1b20d6f1-7605-4845-aa95-18f269e0d8e5,Opal-User-994,Opal-User-994@dev.platform.hmcts.net,,
b487c655-950f-4381-bf36-5f95e6cc8a6a,Opal-User-995,Opal-User-995@dev.platform.hmcts.net,,
f2f64414-2741-4da2-8da5-a8be97d04079,Opal-User-996,Opal-User-996@dev.platform.hmcts.net,,
93ac6572-7466-4b58-9fb1-1b6efced0d66,Opal-User-997,Opal-User-997@dev.platform.hmcts.net,,
eb173748-e22a-4d73-a9e7-9c2deb3bdc82,Opal-User-998,Opal-User-998@dev.platform.hmcts.net,,
48385d0d-9c7f-40b8-8684-6cd1b4a5cb88,Opal-User-999,Opal-User-999@dev.platform.hmcts.net,,
255d82f5-8a52-48c0-9a51-fd820d762831,Opal-User-1000,Opal-User-1000@dev.platform.hmcts.net,,
81f9357e-e79c-4f7c-9a7c-e5074d5bc35d,Opal-User-1001,Opal-User-1001@dev.platform.hmcts.net,,
8b0cf93a-7dfa-491d-95c9-9f6d41dab916,Opal-User-1002,Opal-User-1002@dev.platform.hmcts.net,,
0f876d8d-e438-4a1a-966d-0f0cddb4fb1a,Opal-User-1003,Opal-User-1003@dev.platform.hmcts.net,,
335db595-35e9-41e1-ab00-0c17e23e9e2d,Opal-User-1004,Opal-User-1004@dev.platform.hmcts.net,,
a093cd92-6126-4ba9-91a7-04e75d223457,Opal-User-1005,Opal-User-1005@dev.platform.hmcts.net,,
a65f701f-59fb-4e7b-a579-c92b91607b83,Opal-User-1006,Opal-User-1006@dev.platform.hmcts.net,,
05be8c41-b1bb-4b86-b2c4-8f39a09d04be,Opal-User-1007,Opal-User-1007@dev.platform.hmcts.net,,
da4b4058-dd77-4662-9264-73f661976de7,Opal-User-1008,Opal-User-1008@dev.platform.hmcts.net,,
401e52ac-c9ba-4626-89a7-56ca59736790,Opal-User-1009,Opal-User-1009@dev.platform.hmcts.net,,
150b47c8-de5a-494b-868a-2e4d0df01a3c,Opal-User-1010,Opal-User-1010@dev.platform.hmcts.net,,
d8b11aa7-e0b3-4b12-b399-d6e15d8da36f,Opal-User-1011,Opal-User-1011@dev.platform.hmcts.net,,
6fd0eeef-389b-407c-8a39-5ef5644d238d,Opal-User-1012,Opal-User-1012@dev.platform.hmcts.net,,
a05792fa-8521-45c3-bc5c-27e86b6463a9,Opal-User-1013,Opal-User-1013@dev.platform.hmcts.net,,
cd72d580-f5f1-4c74-ab2e-aa2a6ffd582a,Opal-User-1014,Opal-User-1014@dev.platform.hmcts.net,,
ee21ce53-34a3-47c5-8410-aae47210a126,Opal-User-1015,Opal-User-1015@dev.platform.hmcts.net,,
be3c9628-0ed8-4ad2-ac37-8a5a447f4bf0,Opal-User-1016,Opal-User-1016@dev.platform.hmcts.net,,
aa89bf3d-edfe-4351-9956-4e49fa69d027,Opal-User-1017,Opal-User-1017@dev.platform.hmcts.net,,
386b1263-f4b5-4b11-9e39-2b2ddeb75d67,Opal-User-1018,Opal-User-1018@dev.platform.hmcts.net,,
c62778e1-1caa-41c5-96d5-59e7e2cf9759,Opal-User-1019,Opal-User-1019@dev.platform.hmcts.net,,
91277e4b-b565-4b90-9911-65ac49c6a502,Opal-User-1020,Opal-User-1020@dev.platform.hmcts.net,,
65950fe9-7775-4520-ad44-c54305a6ffda,Opal-User-1021,Opal-User-1021@dev.platform.hmcts.net,,
4866a247-937c-45e7-a3ec-c47e6ddfb11a,Opal-User-1022,Opal-User-1022@dev.platform.hmcts.net,,
efbbda31-36d4-4691-b3c0-46ec17e5e61c,Opal-User-1023,Opal-User-1023@dev.platform.hmcts.net,,
cbc8fd91-c106-430a-b4ed-5c9fd47a1fe1,Opal-User-1024,Opal-User-1024@dev.platform.hmcts.net,,
747678db-34ae-4559-8183-6dc957158760,Opal-User-1025,Opal-User-1025@dev.platform.hmcts.net,,
fd54b054-0ef1-4ac6-926a-934df641ce82,Opal-User-1026,Opal-User-1026@dev.platform.hmcts.net,,
4a41f2fa-c4ab-48d9-8b04-dab6c868626c,Opal-User-1027,Opal-User-1027@dev.platform.hmcts.net,,
6431e1c2-69fa-4f3e-b331-7b07e26d8c07,Opal-User-1028,Opal-User-1028@dev.platform.hmcts.net,,
efeab363-71f5-4eb4-8546-5e5ae8c13590,Opal-User-1029,Opal-User-1029@dev.platform.hmcts.net,,
c51d2847-9797-483b-8d1a-e4c65c77189d,Opal-User-1030,Opal-User-1030@dev.platform.hmcts.net,,
1a132e92-9157-4061-90ed-14ceb86bac5b,Opal-User-1031,Opal-User-1031@dev.platform.hmcts.net,,
da79192f-1725-4167-b64c-66ebeb9b3671,Opal-User-1032,Opal-User-1032@dev.platform.hmcts.net,,
15bb9f44-7c85-4c40-9cff-952b34d8f954,Opal-User-1033,Opal-User-1033@dev.platform.hmcts.net,,
8cf023a7-3032-4761-8c10-5c5412571b6c,Opal-User-1034,Opal-User-1034@dev.platform.hmcts.net,,
a4a1f7ce-d391-493c-af1d-1597967caaf7,Opal-User-1035,Opal-User-1035@dev.platform.hmcts.net,,
ca17e4c1-8f14-4c3b-9ba1-61f37d20ef63,Opal-User-1036,Opal-User-1036@dev.platform.hmcts.net,,
1e4cfc54-acb7-47d8-9b7c-d277aae6aba2,Opal-User-1037,Opal-User-1037@dev.platform.hmcts.net,,
7307f161-389c-488a-88e5-ab688cc3c1aa,Opal-User-1038,Opal-User-1038@dev.platform.hmcts.net,,
99a56d64-e7c8-4ff4-bb84-098bd7202148,Opal-User-1039,Opal-User-1039@dev.platform.hmcts.net,,
8083207c-5a80-49b8-874d-114182f2e69c,Opal-User-1040,Opal-User-1040@dev.platform.hmcts.net,,
4c11d058-a635-401a-9556-6c382d0fba6f,Opal-User-1041,Opal-User-1041@dev.platform.hmcts.net,,
dc9ed092-4fdb-4168-8b36-c60cdfecb598,Opal-User-1042,Opal-User-1042@dev.platform.hmcts.net,,
83ff6933-b919-4dcb-9eff-5dede4fd714d,Opal-User-1043,Opal-User-1043@dev.platform.hmcts.net,,
29361535-184b-48f2-b9f0-9972a6dace2f,Opal-User-1044,Opal-User-1044@dev.platform.hmcts.net,,
53dff970-b2a9-444a-8590-50ba2c0b8062,Opal-User-1045,Opal-User-1045@dev.platform.hmcts.net,,
a0fd286e-50f6-4f98-80c0-281b7f7ef20f,Opal-User-1046,Opal-User-1046@dev.platform.hmcts.net,,
49356566-08c0-4155-86bc-93789149d0e5,Opal-User-1047,Opal-User-1047@dev.platform.hmcts.net,,
6ae15931-5ad9-416a-a6fb-988a11c314b0,Opal-User-1048,Opal-User-1048@dev.platform.hmcts.net,,
612f8db4-a607-4bd9-aed8-da948958b69b,Opal-User-1049,Opal-User-1049@dev.platform.hmcts.net,,
eacb34f5-3d6a-418b-a85b-5afa764a31a1,Opal-User-1050,Opal-User-1050@dev.platform.hmcts.net,,
08aca007-c95b-4040-bcee-00a6735cf769,Opal-User-1051,Opal-User-1051@dev.platform.hmcts.net,,
d99a14eb-0a6d-48b6-bc13-bd7378580f29,Opal-User-1052,Opal-User-1052@dev.platform.hmcts.net,,
d4c023dd-1807-42cd-a25c-b29491130b39,Opal-User-1053,Opal-User-1053@dev.platform.hmcts.net,,
b0b634d7-fd82-4f3c-80b5-c2e08ad8254d,Opal-User-1054,Opal-User-1054@dev.platform.hmcts.net,,
2df3a477-77f9-4c1e-a43e-9a97d5f4f87d,Opal-User-1055,Opal-User-1055@dev.platform.hmcts.net,,
f2c54d97-8c03-460c-b91b-21c07ff68fd3,Opal-User-1056,Opal-User-1056@dev.platform.hmcts.net,,
d9967f30-9191-4023-b77b-69ee65690f5a,Opal-User-1057,Opal-User-1057@dev.platform.hmcts.net,,
ad51235b-2d46-4823-bb7a-2996d6647bb0,Opal-User-1058,Opal-User-1058@dev.platform.hmcts.net,,
8cff84eb-2528-456b-b227-2b01303d8597,Opal-User-1059,Opal-User-1059@dev.platform.hmcts.net,,
19154d91-8a3a-4a06-8b5c-b0f052761b35,Opal-User-1060,Opal-User-1060@dev.platform.hmcts.net,,
e00a5d57-67c9-45f3-a990-603fed9bf198,Opal-User-1061,Opal-User-1061@dev.platform.hmcts.net,,
40460578-731e-442b-aa57-d19cb6671a2a,Opal-User-1062,Opal-User-1062@dev.platform.hmcts.net,,
c1d3e823-44b2-4b2f-bbfe-d7e0a18e5edd,Opal-User-1063,Opal-User-1063@dev.platform.hmcts.net,,
c6ba5fd4-b48c-40d4-b344-4527721bcebc,Opal-User-1064,Opal-User-1064@dev.platform.hmcts.net,,
94ce9c2b-bf5b-4365-b0cb-d6a3da7f6021,Opal-User-1065,Opal-User-1065@dev.platform.hmcts.net,,
60084dcb-608c-4e24-b1a4-93175dd43232,Opal-User-1066,Opal-User-1066@dev.platform.hmcts.net,,
23cf9bcb-532b-4a84-b1cd-2455d029c5f3,Opal-User-1067,Opal-User-1067@dev.platform.hmcts.net,,
4083f366-4f6b-4b81-9b40-d329cf4c2bdc,Opal-User-1068,Opal-User-1068@dev.platform.hmcts.net,,
32a3ea00-2c99-4410-9253-e8825cb2c1c2,Opal-User-1069,Opal-User-1069@dev.platform.hmcts.net,,
8da5f256-ce1d-4dfc-bb2a-58f4bcee42fd,Opal-User-1070,Opal-User-1070@dev.platform.hmcts.net,,
b1c95843-2e3a-498b-9d73-4874f3b49d7a,Opal-User-1071,Opal-User-1071@dev.platform.hmcts.net,,
3fe54680-9809-499c-af24-babac8baaa83,Opal-User-1072,Opal-User-1072@dev.platform.hmcts.net,,
7206b87f-40e7-4eb9-93d8-82ff1d78a714,Opal-User-1073,Opal-User-1073@dev.platform.hmcts.net,,
ba2f7e72-6820-4f91-9a23-1ec5baa0d51c,Opal-User-1074,Opal-User-1074@dev.platform.hmcts.net,,
2a03dd2f-86a1-4113-ba46-f7ccb5e9837b,Opal-User-1075,Opal-User-1075@dev.platform.hmcts.net,,
f758b265-7690-400f-9ca3-72dd0c23a0fe,Opal-User-1076,Opal-User-1076@dev.platform.hmcts.net,,
9b7ccb48-6131-43de-b4fd-1c3f2759007f,Opal-User-1077,Opal-User-1077@dev.platform.hmcts.net,,
badcd54f-d70f-4e4b-92a7-d6423d75212b,Opal-User-1078,Opal-User-1078@dev.platform.hmcts.net,,
0514eaa5-8992-4032-91ff-e1ea9d29a22f,Opal-User-1079,Opal-User-1079@dev.platform.hmcts.net,,
d57f1dd3-250f-4f73-9b96-f9ed75b3e1c2,Opal-User-1080,Opal-User-1080@dev.platform.hmcts.net,,
6a948ca2-e22e-4249-9c53-83c131551e18,Opal-User-1081,Opal-User-1081@dev.platform.hmcts.net,,
8d45a1f3-e471-4010-9a61-5cd20bb15a87,Opal-User-1082,Opal-User-1082@dev.platform.hmcts.net,,
6dcdd7ca-5ea8-4b91-ac78-9846bc0cc0bd,Opal-User-1083,Opal-User-1083@dev.platform.hmcts.net,,
8e6148aa-24d5-4fa3-8597-a7f1d7eb68cf,Opal-User-1084,Opal-User-1084@dev.platform.hmcts.net,,
ea77d29d-90db-4e08-95b3-1a03b3eda2ef,Opal-User-1085,Opal-User-1085@dev.platform.hmcts.net,,
0463b3e3-993e-4811-a583-bc28b0839637,Opal-User-1086,Opal-User-1086@dev.platform.hmcts.net,,
6a00d632-66e0-450f-bd2a-42022b8828c9,Opal-User-1087,Opal-User-1087@dev.platform.hmcts.net,,
06587817-7655-4e10-85f4-a4b120dbd9be,Opal-User-1088,Opal-User-1088@dev.platform.hmcts.net,,
6430aa68-9c73-4759-a7e8-226258cf52e0,Opal-User-1089,Opal-User-1089@dev.platform.hmcts.net,,
b82a134a-bb90-4bf6-bfdb-9a430655b8a4,Opal-User-1090,Opal-User-1090@dev.platform.hmcts.net,,
058e87e6-de2a-4908-9af6-efa5fc6e817a,Opal-User-1091,Opal-User-1091@dev.platform.hmcts.net,,
8040f15b-9561-403e-a319-5bf4831c0df1,Opal-User-1092,Opal-User-1092@dev.platform.hmcts.net,,
13f07a3c-ed07-402f-b228-853cf2e815bb,Opal-User-1093,Opal-User-1093@dev.platform.hmcts.net,,
0c3fc2b6-3d21-4ddb-b616-9d05a15fe314,Opal-User-1094,Opal-User-1094@dev.platform.hmcts.net,,
6484f45c-715f-4d02-94ad-acbaf240e034,Opal-User-1095,Opal-User-1095@dev.platform.hmcts.net,,
dc27aba2-d231-4dd3-af43-39eac852cb74,Opal-User-1096,Opal-User-1096@dev.platform.hmcts.net,,
5ecef2ae-7228-4c0d-bfdd-9f1b93b98b9d,Opal-User-1097,Opal-User-1097@dev.platform.hmcts.net,,
0184ebe8-7b84-41b8-829f-11cf5f160cfb,Opal-User-1098,Opal-User-1098@dev.platform.hmcts.net,,
8e7de1de-1e02-4c05-b386-1aae2cde28a8,Opal-User-1099,Opal-User-1099@dev.platform.hmcts.net,,
7a3c1996-fdf1-49de-a8a7-e2026ab29722,Opal-User-1100,Opal-User-1100@dev.platform.hmcts.net,,
090a11c4-3b68-475a-8c92-678edfd88181,Opal-User-1101,Opal-User-1101@dev.platform.hmcts.net,,
e27e90ee-4a33-4de0-ac86-5cd722061563,Opal-User-1102,Opal-User-1102@dev.platform.hmcts.net,,
ead76ec3-7594-467b-9c89-af5b4cb043d6,Opal-User-1103,Opal-User-1103@dev.platform.hmcts.net,,
4f4063af-7cc7-4fd9-9974-d0a2446f1c65,Opal-User-1104,Opal-User-1104@dev.platform.hmcts.net,,
12de5e81-0e86-4597-8dc4-6586cbb926ec,Opal-User-1105,Opal-User-1105@dev.platform.hmcts.net,,
3c0cd322-ff53-43e5-b883-105fefb5d58e,Opal-User-1106,Opal-User-1106@dev.platform.hmcts.net,,
e813857b-c801-41da-91d6-72f8887e68c4,Opal-User-1107,Opal-User-1107@dev.platform.hmcts.net,,
49f26abe-7ad9-4733-a646-d1c893300b6f,Opal-User-1108,Opal-User-1108@dev.platform.hmcts.net,,
91337b58-b948-4ba3-bd64-017e1ce9cb69,Opal-User-1109,Opal-User-1109@dev.platform.hmcts.net,,
e032d4fe-ba61-49ee-b581-7d7d42b73241,Opal-User-1110,Opal-User-1110@dev.platform.hmcts.net,,
e97a533a-298f-487b-8187-2c047099d4b5,Opal-User-1111,Opal-User-1111@dev.platform.hmcts.net,,
32d674fd-63e4-4058-ad07-6846e1ddda95,Opal-User-1112,Opal-User-1112@dev.platform.hmcts.net,,
eea0d23e-4b99-48fd-bfec-449217722edd,Opal-User-1113,Opal-User-1113@dev.platform.hmcts.net,,
e117c48e-9693-4ee2-805a-f23ad390cd1a,Opal-User-1114,Opal-User-1114@dev.platform.hmcts.net,,
a41a4d6e-d20c-46f4-bcb6-e2dd209c1fb2,Opal-User-1115,Opal-User-1115@dev.platform.hmcts.net,,
403e5224-8f9e-4ca9-912b-7b7c8d2b8544,Opal-User-1116,Opal-User-1116@dev.platform.hmcts.net,,
88e6b9bc-6e42-45d9-b7d4-6b0887053dc5,Opal-User-1117,Opal-User-1117@dev.platform.hmcts.net,,
44d0b14f-02e5-4a57-99a3-f11a6233526b,Opal-User-1118,Opal-User-1118@dev.platform.hmcts.net,,
b0ff51be-449c-4dd1-bd0c-5c5bb1a6773a,Opal-User-1119,Opal-User-1119@dev.platform.hmcts.net,,
fc1addb7-dfaf-4973-9e34-cdb44c8fa0a7,Opal-User-1120,Opal-User-1120@dev.platform.hmcts.net,,
2998001d-4a4f-4260-bb99-d81fae3950e3,Opal-User-1121,Opal-User-1121@dev.platform.hmcts.net,,
6204fdd2-c3a5-40ba-a92f-2280ecb28c4e,Opal-User-1122,Opal-User-1122@dev.platform.hmcts.net,,
a3ec0ac7-64d0-407d-893e-d6cb8ede3828,Opal-User-1123,Opal-User-1123@dev.platform.hmcts.net,,
18d7ca8a-f002-4973-b7e1-f0ce1989c731,Opal-User-1124,Opal-User-1124@dev.platform.hmcts.net,,
48acaf45-9bdb-4120-834f-3f72e943d158,Opal-User-1125,Opal-User-1125@dev.platform.hmcts.net,,
cbdb7640-0c07-40e8-9c25-c636b9af1607,Opal-User-1126,Opal-User-1126@dev.platform.hmcts.net,,
923b2094-098e-4aca-86b8-d232855a799d,Opal-User-1127,Opal-User-1127@dev.platform.hmcts.net,,
fd9bd67a-e8e6-418e-999e-a98c4e8f5c3e,Opal-User-1128,Opal-User-1128@dev.platform.hmcts.net,,
2e0af322-bd3e-4e44-bb4c-5b1d317f1274,Opal-User-1129,Opal-User-1129@dev.platform.hmcts.net,,
71f2981a-9a8b-4260-8db8-77af327cdd88,Opal-User-1130,Opal-User-1130@dev.platform.hmcts.net,,
dfec52f5-d9ce-4fe7-ba04-aec8df041ba3,Opal-User-1131,Opal-User-1131@dev.platform.hmcts.net,,
7fbaf98e-41df-455a-95ad-5a1f785e5108,Opal-User-1132,Opal-User-1132@dev.platform.hmcts.net,,
e3688107-6045-4886-aa7d-db0c09a3b31d,Opal-User-1133,Opal-User-1133@dev.platform.hmcts.net,,
0ec3d19e-3342-4547-8429-252ee0cc90ec,Opal-User-1134,Opal-User-1134@dev.platform.hmcts.net,,
40c6f700-3e44-4628-9453-56c567fc877a,Opal-User-1135,Opal-User-1135@dev.platform.hmcts.net,,
c3e467fd-ec42-4853-b9e8-2917370c3e1f,Opal-User-1136,Opal-User-1136@dev.platform.hmcts.net,,
538c5931-079a-48c3-9287-b45910e1e19c,Opal-User-1137,Opal-User-1137@dev.platform.hmcts.net,,
d4786dbc-f1d1-4ed4-b49a-648ef1e2d9e5,Opal-User-1138,Opal-User-1138@dev.platform.hmcts.net,,
8dd7dcb5-cd11-44d6-8bac-05f9d75fd5d2,Opal-User-1139,Opal-User-1139@dev.platform.hmcts.net,,
a7777464-282e-4d1b-a51a-f52863bdb633,Opal-User-1140,Opal-User-1140@dev.platform.hmcts.net,,
ba58c7d8-69fc-4093-9183-4499337494d1,Opal-User-1141,Opal-User-1141@dev.platform.hmcts.net,,
e3fe7dc7-633d-4b9e-ba61-62947363c581,Opal-User-1142,Opal-User-1142@dev.platform.hmcts.net,,
8239c541-3694-4681-817c-ef33fa55a90d,Opal-User-1143,Opal-User-1143@dev.platform.hmcts.net,,
41351f67-3da6-43e7-9c4a-6fd08f993c27,Opal-User-1144,Opal-User-1144@dev.platform.hmcts.net,,
7ded2d29-47d8-44ee-9c4e-dda4dd45917d,Opal-User-1145,Opal-User-1145@dev.platform.hmcts.net,,
5493be16-eda3-4164-b7c0-3e21966f7212,Opal-User-1146,Opal-User-1146@dev.platform.hmcts.net,,
b2da2333-2dd1-4b1a-be27-b309c1ddeb6e,Opal-User-1147,Opal-User-1147@dev.platform.hmcts.net,,
ef255e84-b552-49b5-976c-f6233bf74725,Opal-User-1148,Opal-User-1148@dev.platform.hmcts.net,,
4f7244f0-5aaa-4985-921c-a393bdbf045b,Opal-User-1149,Opal-User-1149@dev.platform.hmcts.net,,
c3c7deee-5adf-4b86-935a-efd1719a2484,Opal-User-1150,Opal-User-1150@dev.platform.hmcts.net,,
384335d4-4b5a-4edc-9a3d-22f13f5a144d,Opal-User-1151,Opal-User-1151@dev.platform.hmcts.net,,
f23dbce1-35a2-480f-a87a-0ef7e1df3eab,Opal-User-1152,Opal-User-1152@dev.platform.hmcts.net,,
81a4b705-f69a-4d5d-b1a9-e9377b815318,Opal-User-1153,Opal-User-1153@dev.platform.hmcts.net,,
4fc2a581-df3a-463c-a748-e6f8a81de482,Opal-User-1154,Opal-User-1154@dev.platform.hmcts.net,,
b7b99e90-fc0e-4bca-bf94-79f1ab70cc64,Opal-User-1155,Opal-User-1155@dev.platform.hmcts.net,,
0c0be29b-cee6-43d9-a65a-e0d564758ec0,Opal-User-1156,Opal-User-1156@dev.platform.hmcts.net,,
066b0b09-d82f-433f-bf34-223a5a69ee9d,Opal-User-1157,Opal-User-1157@dev.platform.hmcts.net,,
e1ad2abb-c079-4424-9f7c-d7d36d1725f6,Opal-User-1158,Opal-User-1158@dev.platform.hmcts.net,,
226725f1-f420-4bea-a4ab-527b2b5e97b1,Opal-User-1159,Opal-User-1159@dev.platform.hmcts.net,,
e8fc669f-44a7-4260-88b7-4312cbdb088b,Opal-User-1160,Opal-User-1160@dev.platform.hmcts.net,,
147b6c87-5f77-4d2a-910a-ee942b276b3d,Opal-User-1161,Opal-User-1161@dev.platform.hmcts.net,,
1b53ce25-0131-4620-95db-ef5056b576ea,Opal-User-1162,Opal-User-1162@dev.platform.hmcts.net,,
0c36ac53-0bb2-4cf7-811d-bdbbc3424189,Opal-User-1163,Opal-User-1163@dev.platform.hmcts.net,,
c914a01a-aebd-44ec-89f7-9f051a7764af,Opal-User-1164,Opal-User-1164@dev.platform.hmcts.net,,
d5c08b4e-db78-43f5-90e5-a5aaf0d74897,Opal-User-1165,Opal-User-1165@dev.platform.hmcts.net,,
3abaffd2-4f0a-45f3-bb01-694711b7e5c6,Opal-User-1166,Opal-User-1166@dev.platform.hmcts.net,,
8c5c43ce-069a-4b43-9db6-30cb536d55e3,Opal-User-1167,Opal-User-1167@dev.platform.hmcts.net,,
64bf5a03-4351-40e9-bd61-77b8eeb1960e,Opal-User-1168,Opal-User-1168@dev.platform.hmcts.net,,
5c1d94e9-a887-4803-8e15-62af4191dedc,Opal-User-1169,Opal-User-1169@dev.platform.hmcts.net,,
28cdb206-270b-445a-abdd-483af462b729,Opal-User-1170,Opal-User-1170@dev.platform.hmcts.net,,
1e9562c0-158d-4676-8228-8419b02074fb,Opal-User-1171,Opal-User-1171@dev.platform.hmcts.net,,
424badd1-fdd5-4a4f-bc7c-030de1568693,Opal-User-1172,Opal-User-1172@dev.platform.hmcts.net,,
5ffacd91-d23a-4647-a219-b62432468f18,Opal-User-1173,Opal-User-1173@dev.platform.hmcts.net,,
72dbf63f-64ce-47af-95ed-e2d81be42a3b,Opal-User-1174,Opal-User-1174@dev.platform.hmcts.net,,
b814d507-e3aa-4626-a380-0aebf16e4fa3,Opal-User-1175,Opal-User-1175@dev.platform.hmcts.net,,
ee89563b-9783-4d6b-9467-dc5ac5cb9067,Opal-User-1176,Opal-User-1176@dev.platform.hmcts.net,,
1f0e8361-740f-4aef-9e45-ee0443ea0cc8,Opal-User-1177,Opal-User-1177@dev.platform.hmcts.net,,
11482242-d4be-4d26-b850-8e6937b76a34,Opal-User-1178,Opal-User-1178@dev.platform.hmcts.net,,
4baa497e-7be1-4ce4-b949-f0b2baa85dfe,Opal-User-1179,Opal-User-1179@dev.platform.hmcts.net,,
d65f9b44-6c0c-40dc-912e-809d95a4238b,Opal-User-1180,Opal-User-1180@dev.platform.hmcts.net,,
9be3ead5-0c9c-4c22-a75c-54f00d8ac062,Opal-User-1181,Opal-User-1181@dev.platform.hmcts.net,,
7473fada-1a73-40b2-a986-1d27e9e97034,Opal-User-1182,Opal-User-1182@dev.platform.hmcts.net,,
b1a3cd36-6d1f-406b-9a7b-4aedfed56f34,Opal-User-1183,Opal-User-1183@dev.platform.hmcts.net,,
09ae8059-1e20-4bfb-8a1a-f06e54c3532f,Opal-User-1184,Opal-User-1184@dev.platform.hmcts.net,,
be43dc82-05d8-4ed1-82a7-86a07f1c43e3,Opal-User-1185,Opal-User-1185@dev.platform.hmcts.net,,
d01340ad-e522-4c97-aa1b-650dff40fb15,Opal-User-1186,Opal-User-1186@dev.platform.hmcts.net,,
3ff64127-b8f7-4289-b6f2-7f235429cc91,Opal-User-1187,Opal-User-1187@dev.platform.hmcts.net,,
5bb5b725-b58c-4710-9ab1-0f2aa6867671,Opal-User-1188,Opal-User-1188@dev.platform.hmcts.net,,
d28a77d2-c142-4bd1-aaf5-1a0c1ec85926,Opal-User-1189,Opal-User-1189@dev.platform.hmcts.net,,
244d39b7-7760-4e17-bc90-15d46308a601,Opal-User-1190,Opal-User-1190@dev.platform.hmcts.net,,
8eb0ae0c-3473-49a4-9be2-d444e3912f42,Opal-User-1191,Opal-User-1191@dev.platform.hmcts.net,,
9fcfdb71-6f3c-41c6-81eb-e56cae38607a,Opal-User-1192,Opal-User-1192@dev.platform.hmcts.net,,
f02bb609-cf2b-403e-b9b7-57aae026fba6,Opal-User-1193,Opal-User-1193@dev.platform.hmcts.net,,
cf3332f7-2c40-49b9-863d-3d88437c65d8,Opal-User-1194,Opal-User-1194@dev.platform.hmcts.net,,
17822c4c-d95a-455f-aaf9-8af547aff30a,Opal-User-1195,Opal-User-1195@dev.platform.hmcts.net,,
bd3b166b-363b-4638-8390-31308e75fbeb,Opal-User-1196,Opal-User-1196@dev.platform.hmcts.net,,
e2051326-4a77-4b20-8aae-1abde95aa62f,Opal-User-1197,Opal-User-1197@dev.platform.hmcts.net,,
7ca1fdf2-bf13-4f32-958c-460659e727a8,Opal-User-1198,Opal-User-1198@dev.platform.hmcts.net,,
e159812b-780b-4dbd-af33-5178619bc12e,Opal-User-1199,Opal-User-1199@dev.platform.hmcts.net,,
af5900df-288b-4b9f-a297-21d83cd997a7,Opal-User-1200,Opal-User-1200@dev.platform.hmcts.net,,
0b46cf49-3273-43a3-b12e-863480cc0a41,Opal-User-1201,Opal-User-1201@dev.platform.hmcts.net,,
4ce2e173-4622-4c02-9f85-c30ecbd62089,Opal-User-1202,Opal-User-1202@dev.platform.hmcts.net,,
b7541b49-85b3-4425-afc0-a00d6196efcd,Opal-User-1203,Opal-User-1203@dev.platform.hmcts.net,,
581b4c67-9846-41a6-b822-99ef25b1c005,Opal-User-1204,Opal-User-1204@dev.platform.hmcts.net,,
55373a45-b764-4134-a932-a2ba7d9f11ae,Opal-User-1205,Opal-User-1205@dev.platform.hmcts.net,,
884845f6-defe-4e3c-bf89-12e73c261221,Opal-User-1206,Opal-User-1206@dev.platform.hmcts.net,,
4011e2c9-97bb-4ce9-9b01-e99c439c1374,Opal-User-1207,Opal-User-1207@dev.platform.hmcts.net,,
a0f8470a-19a3-4d13-b1c9-e9789fcf3155,Opal-User-1208,Opal-User-1208@dev.platform.hmcts.net,,
f3c6d491-99a6-4b9b-9de8-592f9637df48,Opal-User-1209,Opal-User-1209@dev.platform.hmcts.net,,
dd288605-2511-47ea-8001-98e4e1e133b9,Opal-User-1210,Opal-User-1210@dev.platform.hmcts.net,,
99abb6f7-7552-4557-bf57-39816208575a,Opal-User-1211,Opal-User-1211@dev.platform.hmcts.net,,
ab1b709c-8bf5-4bfa-821b-ff261761c174,Opal-User-1212,Opal-User-1212@dev.platform.hmcts.net,,
27f9afe9-98ea-41cb-a8f7-374be207bc54,Opal-User-1213,Opal-User-1213@dev.platform.hmcts.net,,
854c4c96-1738-43d5-856c-9df4ed667cbd,Opal-User-1214,Opal-User-1214@dev.platform.hmcts.net,,
a4f87f2b-ff0a-4be2-a576-7c4f9a3e120e,Opal-User-1215,Opal-User-1215@dev.platform.hmcts.net,,
6499578f-4775-4b18-818b-8508d7a216bf,Opal-User-1216,Opal-User-1216@dev.platform.hmcts.net,,
d5536a27-6c7c-48ae-8cf5-41729fea585a,Opal-User-1217,Opal-User-1217@dev.platform.hmcts.net,,
589655b4-330f-4e66-bc87-f8bc3b54662c,Opal-User-1218,Opal-User-1218@dev.platform.hmcts.net,,
297d5315-a3da-4d7d-9af3-ef1982e8a7bd,Opal-User-1219,Opal-User-1219@dev.platform.hmcts.net,,
bd5198ea-0ec5-4d15-9773-89d1526aa080,Opal-User-1220,Opal-User-1220@dev.platform.hmcts.net,,
e1b8e961-9a90-4ace-b961-962a0c8d2726,Opal-User-1221,Opal-User-1221@dev.platform.hmcts.net,,
bb87dde1-ee01-401c-bf14-1a94dd7663ab,Opal-User-1222,Opal-User-1222@dev.platform.hmcts.net,,
33430ae4-0447-43dd-adf1-17ea5d33de6e,Opal-User-1223,Opal-User-1223@dev.platform.hmcts.net,,
b51c0b69-7783-4b87-888a-87ed5b87acbc,Opal-User-1224,Opal-User-1224@dev.platform.hmcts.net,,
7a255314-afb3-4b61-9de7-6b0d6403caf4,Opal-User-1225,Opal-User-1225@dev.platform.hmcts.net,,
2dfe4ddf-78c6-4b91-9a11-20300fe1fa1b,Opal-User-1226,Opal-User-1226@dev.platform.hmcts.net,,
a5e85ad4-a56a-424a-aacd-64bc94bec615,Opal-User-1227,Opal-User-1227@dev.platform.hmcts.net,,
916bfcaa-452b-4a8e-9798-fd746cf863ad,Opal-User-1228,Opal-User-1228@dev.platform.hmcts.net,,
ea090138-3e1c-48c9-8849-e12c8fac1401,Opal-User-1229,Opal-User-1229@dev.platform.hmcts.net,,
6e9bb5a1-ba7b-4329-b1f1-17f156215792,Opal-User-1230,Opal-User-1230@dev.platform.hmcts.net,,
31460a66-4c85-42db-9ce1-63bc98816169,Opal-User-1231,Opal-User-1231@dev.platform.hmcts.net,,
4b1b0bc2-3853-4968-b3d5-fef4f496efaa,Opal-User-1232,Opal-User-1232@dev.platform.hmcts.net,,
45a9e3ad-d221-42da-8574-294b87ae7988,Opal-User-1233,Opal-User-1233@dev.platform.hmcts.net,,
3178220d-5c67-4756-8651-6557f6d67e6d,Opal-User-1234,Opal-User-1234@dev.platform.hmcts.net,,
d3f7a8a9-9cd6-47fb-9c1d-6cec21f44022,Opal-User-1235,Opal-User-1235@dev.platform.hmcts.net,,
693c9aca-77c0-4405-9c9d-621aa9008e92,Opal-User-1236,Opal-User-1236@dev.platform.hmcts.net,,
03413e3a-c14c-4c56-b588-73a4b79d0809,Opal-User-1237,Opal-User-1237@dev.platform.hmcts.net,,
a42f4e49-8bf7-44ce-b7f6-c3aebdeb0f6e,Opal-User-1238,Opal-User-1238@dev.platform.hmcts.net,,
49f15e54-2fb7-47e5-a579-def447434298,Opal-User-1239,Opal-User-1239@dev.platform.hmcts.net,,
26e9c159-4960-4128-b4f4-7a8cbf682ec8,Opal-User-1240,Opal-User-1240@dev.platform.hmcts.net,,
73e47cd8-cb4d-4fbf-a020-d87cd85125ca,Opal-User-1241,Opal-User-1241@dev.platform.hmcts.net,,
8c0af773-46fc-4ba8-bdf1-a2319c138b36,Opal-User-1242,Opal-User-1242@dev.platform.hmcts.net,,
d2edb6e4-2cf5-407b-a2ba-ede6ca8c7a8a,Opal-User-1243,Opal-User-1243@dev.platform.hmcts.net,,
d3f6c0a8-ad2e-4b97-a535-39b40ca3d0f3,Opal-User-1244,Opal-User-1244@dev.platform.hmcts.net,,
b367bf17-003b-4814-870f-31f48fb0917c,Opal-User-1245,Opal-User-1245@dev.platform.hmcts.net,,
59cbda92-1b23-4964-b55e-01148df5de69,Opal-User-1246,Opal-User-1246@dev.platform.hmcts.net,,
972a26bd-28a4-4683-acc0-584273e88814,Opal-User-1247,Opal-User-1247@dev.platform.hmcts.net,,
25bdf41e-ca0b-4e9b-9ee5-59cb9a24af9d,Opal-User-1248,Opal-User-1248@dev.platform.hmcts.net,,
846c1e4c-949d-43c2-96f8-68c1ff660aa0,Opal-User-1249,Opal-User-1249@dev.platform.hmcts.net,,
9b23cf2c-ba0a-4ec1-abff-088ec31060a0,Opal-User-1250,Opal-User-1250@dev.platform.hmcts.net,,
87ef8262-10ae-4b65-8f2e-27e9b9718571,Opal-User-1251,Opal-User-1251@dev.platform.hmcts.net,,
dce98817-c444-49dc-b7fb-3a819461acce,Opal-User-1252,Opal-User-1252@dev.platform.hmcts.net,,
1150a3ab-7fd8-44a1-87d7-c012fba6cda6,Opal-User-1253,Opal-User-1253@dev.platform.hmcts.net,,
3f139c8d-6596-4582-b0f3-63001d2db2b4,Opal-User-1254,Opal-User-1254@dev.platform.hmcts.net,,
2f138623-b7cb-4ea8-b934-f02c688cf68f,Opal-User-1255,Opal-User-1255@dev.platform.hmcts.net,,
f3a5f94d-08a6-4633-84ba-51a7a6ee07f6,Opal-User-1256,Opal-User-1256@dev.platform.hmcts.net,,
b7997e97-f2fe-4c78-98de-6168490d06af,Opal-User-1257,Opal-User-1257@dev.platform.hmcts.net,,
055c8929-3629-45c4-9300-149edede4c0b,Opal-User-1258,Opal-User-1258@dev.platform.hmcts.net,,
b3d6a5a6-24f4-493e-be37-fce938859991,Opal-User-1259,Opal-User-1259@dev.platform.hmcts.net,,
c923f4ac-3564-4bc6-af6c-5758ad8be9d3,Opal-User-1260,Opal-User-1260@dev.platform.hmcts.net,,
880ce936-b309-49a0-8530-ef628a1a7fe7,Opal-User-1261,Opal-User-1261@dev.platform.hmcts.net,,
93e2bfb1-18c3-4770-9b64-cc0de02ad23d,Opal-User-1262,Opal-User-1262@dev.platform.hmcts.net,,
c385b7bd-ccd5-4557-93f3-9992e8681f0c,Opal-User-1263,Opal-User-1263@dev.platform.hmcts.net,,
dac42c63-caa6-4d53-835c-dda2429bb762,Opal-User-1264,Opal-User-1264@dev.platform.hmcts.net,,
8e87f136-5b11-42ba-ade2-0f06e1ba237a,Opal-User-1265,Opal-User-1265@dev.platform.hmcts.net,,
718e4a9a-4bfe-46c7-b0eb-3a6a9c850ed3,Opal-User-1266,Opal-User-1266@dev.platform.hmcts.net,,
3c462fe6-ca0d-48cc-907a-1470f42900a1,Opal-User-1267,Opal-User-1267@dev.platform.hmcts.net,,
63cb01e4-d5cb-482c-a079-161dbb7b0df5,Opal-User-1268,Opal-User-1268@dev.platform.hmcts.net,,
89ba3df7-21e5-4589-8f23-5221cfe2a003,Opal-User-1269,Opal-User-1269@dev.platform.hmcts.net,,
25e703c6-4b7e-44e0-9607-2e7740b8416e,Opal-User-1270,Opal-User-1270@dev.platform.hmcts.net,,
1cd25687-f573-4c61-93f6-763629e5947c,Opal-User-1271,Opal-User-1271@dev.platform.hmcts.net,,
fa8427de-66cb-4850-987e-c313375baeaf,Opal-User-1272,Opal-User-1272@dev.platform.hmcts.net,,
2e6f6cd4-0b5e-49e4-91da-9adcac420fee,Opal-User-1273,Opal-User-1273@dev.platform.hmcts.net,,
8ef64af5-958d-4d01-9026-c5687dafce20,Opal-User-1274,Opal-User-1274@dev.platform.hmcts.net,,
04951021-74ae-42bd-93c0-26a53f20b85f,Opal-User-1275,Opal-User-1275@dev.platform.hmcts.net,,
7e1b08b4-5271-43c2-8299-de05d1713458,Opal-User-1276,Opal-User-1276@dev.platform.hmcts.net,,
2d510167-96a6-49f1-8fac-4395c360a0cd,Opal-User-1277,Opal-User-1277@dev.platform.hmcts.net,,
67ac85ee-b9b9-4b93-b1b4-ba7f562d3ccb,Opal-User-1278,Opal-User-1278@dev.platform.hmcts.net,,
da2ee689-c396-4fa5-8709-704a61ca0f2e,Opal-User-1279,Opal-User-1279@dev.platform.hmcts.net,,
99fe95e4-9b42-4810-bbdc-62103f112125,Opal-User-1280,Opal-User-1280@dev.platform.hmcts.net,,
e84c9779-190a-43da-ac25-bed08ecdf0e5,Opal-User-1281,Opal-User-1281@dev.platform.hmcts.net,,
2d4f1328-30eb-42d4-9355-f3cd174379aa,Opal-User-1282,Opal-User-1282@dev.platform.hmcts.net,,
a0f2f0f9-d800-4ba1-b5b4-d872e2e189e2,Opal-User-1283,Opal-User-1283@dev.platform.hmcts.net,,
df7bd742-8b6a-40b9-a5c1-d90dbbb3d029,Opal-User-1284,Opal-User-1284@dev.platform.hmcts.net,,
02992a8a-c8dc-442c-af39-e5a90aa37c8b,Opal-User-1285,Opal-User-1285@dev.platform.hmcts.net,,
640c0995-17d2-49c1-bd21-a2fada579804,Opal-User-1286,Opal-User-1286@dev.platform.hmcts.net,,
ce72fdd9-2a00-42bc-9a5d-98bff9f64e24,Opal-User-1287,Opal-User-1287@dev.platform.hmcts.net,,
58b7534f-3f4e-4a4f-9934-a774195e7fbb,Opal-User-1288,Opal-User-1288@dev.platform.hmcts.net,,
227ee6d6-9f97-4b8e-b4d9-e726f7cc9b89,Opal-User-1289,Opal-User-1289@dev.platform.hmcts.net,,
45f6a7ed-468d-4b81-8462-053bc7eb9b7b,Opal-User-1290,Opal-User-1290@dev.platform.hmcts.net,,
1881c602-f861-4620-8f6d-486715db0837,Opal-User-1291,Opal-User-1291@dev.platform.hmcts.net,,
1082767c-9cac-4551-83bc-25f2ddb7d1c2,Opal-User-1292,Opal-User-1292@dev.platform.hmcts.net,,
3cf19a7f-0583-4d47-9210-438198b0e7ec,Opal-User-1293,Opal-User-1293@dev.platform.hmcts.net,,
a03831b6-d3b7-471d-9971-f414332d8518,Opal-User-1294,Opal-User-1294@dev.platform.hmcts.net,,
76eb489b-7e44-40e3-846f-d8cd7f1a924a,Opal-User-1295,Opal-User-1295@dev.platform.hmcts.net,,
9372db87-73af-48ab-8073-81bddaf99b22,Opal-User-1296,Opal-User-1296@dev.platform.hmcts.net,,
9db51400-7968-4a04-bb1b-8ce44468f54a,Opal-User-1297,Opal-User-1297@dev.platform.hmcts.net,,
b9f0820e-f623-4ef0-8227-990900004994,Opal-User-1298,Opal-User-1298@dev.platform.hmcts.net,,
f1641c2b-cd6b-4b74-8292-2ef41df706e7,Opal-User-1299,Opal-User-1299@dev.platform.hmcts.net,,
e247f1de-a966-416d-9fbf-6dd3f8a229da,Opal-User-1300,Opal-User-1300@dev.platform.hmcts.net,,
a8c92bfb-1e9f-4c23-b619-58f14b515896,Opal-User-1301,Opal-User-1301@dev.platform.hmcts.net,,
a9b462b5-75c2-45da-9317-31400b4d733d,Opal-User-1302,Opal-User-1302@dev.platform.hmcts.net,,
b0f1c9f9-5b12-4595-922c-760a94ec729e,Opal-User-1303,Opal-User-1303@dev.platform.hmcts.net,,
232ed7e2-fa20-4aea-853c-a8d70f376b7f,Opal-User-1304,Opal-User-1304@dev.platform.hmcts.net,,
f7b374d3-d07a-4e51-a235-a7bf163070ef,Opal-User-1305,Opal-User-1305@dev.platform.hmcts.net,,
f2b96ce8-7cd3-4dd5-92fd-6a3502be15df,Opal-User-1306,Opal-User-1306@dev.platform.hmcts.net,,
57b3894d-e0cb-40e2-bfdd-4d09d224b6c3,Opal-User-1307,Opal-User-1307@dev.platform.hmcts.net,,
e0b8a317-3cff-428f-b1ac-5d5c5a60c61f,Opal-User-1308,Opal-User-1308@dev.platform.hmcts.net,,
020a70d7-9e5d-4485-947e-aee5aa5628c5,Opal-User-1309,Opal-User-1309@dev.platform.hmcts.net,,
4e2590cd-1e3b-4861-a50f-7cc01b0513a3,Opal-User-1310,Opal-User-1310@dev.platform.hmcts.net,,
2acebcf2-6a2f-4ea3-8d18-bc22c14f0349,Opal-User-1311,Opal-User-1311@dev.platform.hmcts.net,,
ee74c2b6-e89a-455d-9da4-2edc7713668a,Opal-User-1312,Opal-User-1312@dev.platform.hmcts.net,,
cd91b556-9d4a-4223-b062-c5c0cd9c5568,Opal-User-1313,Opal-User-1313@dev.platform.hmcts.net,,
bc0000f6-9cbd-4bde-b7f4-6216225cc248,Opal-User-1314,Opal-User-1314@dev.platform.hmcts.net,,
56e08327-d9b4-4f59-8c54-edf2098b9593,Opal-User-1315,Opal-User-1315@dev.platform.hmcts.net,,
23d7af07-1d4d-4bbf-af0a-d1c2fe30965e,Opal-User-1316,Opal-User-1316@dev.platform.hmcts.net,,
8be1292b-2af3-41fb-8081-9e5b081b43d2,Opal-User-1317,Opal-User-1317@dev.platform.hmcts.net,,
446d8910-d245-4cf9-8c2d-d7dfa2fcfaae,Opal-User-1318,Opal-User-1318@dev.platform.hmcts.net,,
afc654da-5a21-4445-8e79-f7475ba27511,Opal-User-1319,Opal-User-1319@dev.platform.hmcts.net,,
5252c3cd-5eb8-4f8c-972e-05c39a9718ce,Opal-User-1320,Opal-User-1320@dev.platform.hmcts.net,,
4fca135e-a509-4d11-adf3-ae06031e75c1,Opal-User-1321,Opal-User-1321@dev.platform.hmcts.net,,
d44ab0be-35f6-4a40-82a0-a67a8ad24b97,Opal-User-1322,Opal-User-1322@dev.platform.hmcts.net,,
55b6f153-1da0-46e2-af79-8707ccb64121,Opal-User-1323,Opal-User-1323@dev.platform.hmcts.net,,
4e2118ce-ca4a-47cf-9394-aa081d12b5d7,Opal-User-1324,Opal-User-1324@dev.platform.hmcts.net,,
0b7c112f-6006-4767-8b9d-eba64e95d0f8,Opal-User-1325,Opal-User-1325@dev.platform.hmcts.net,,
459bfaec-553a-4c3b-af65-0e6bab61f33a,Opal-User-1326,Opal-User-1326@dev.platform.hmcts.net,,
30a0ffdc-9e3d-440e-b20e-1a761373b810,Opal-User-1327,Opal-User-1327@dev.platform.hmcts.net,,
8f8fbfac-11eb-412e-8cdf-7dd972124eeb,Opal-User-1328,Opal-User-1328@dev.platform.hmcts.net,,
b0ad56a3-d2ac-4948-bcdf-3be51237eb2d,Opal-User-1329,Opal-User-1329@dev.platform.hmcts.net,,
d0922434-03fc-4c1b-844f-c27dc9ca8f96,Opal-User-1330,Opal-User-1330@dev.platform.hmcts.net,,
52b1a74f-17ff-44d6-b12a-211f5c13a6bf,Opal-User-1331,Opal-User-1331@dev.platform.hmcts.net,,
1e2a36b0-b4d2-470c-8621-f0b2f94fb4b0,Opal-User-1332,Opal-User-1332@dev.platform.hmcts.net,,
6b008bca-f0fd-4cd5-b5c9-04d14b6fcf19,Opal-User-1333,Opal-User-1333@dev.platform.hmcts.net,,
c0b38813-b92d-48f9-83ab-d5054c2cfa30,Opal-User-1334,Opal-User-1334@dev.platform.hmcts.net,,
addd1301-41dd-431e-92b9-aac8e4cac9b6,Opal-User-1335,Opal-User-1335@dev.platform.hmcts.net,,
bcc5770e-1a26-4aed-84cd-f52db9c7f2ce,Opal-User-1336,Opal-User-1336@dev.platform.hmcts.net,,
8115dc7c-5c78-45bb-b910-f06929280f3c,Opal-User-1337,Opal-User-1337@dev.platform.hmcts.net,,
885cc8b0-82b1-451b-9887-371b90c3977e,Opal-User-1338,Opal-User-1338@dev.platform.hmcts.net,,
487c6427-e3a5-4136-a58a-4f1dcd566f15,Opal-User-1339,Opal-User-1339@dev.platform.hmcts.net,,
a012dab7-c16d-4185-a91e-0022e094ef74,Opal-User-1340,Opal-User-1340@dev.platform.hmcts.net,,
e43e834d-d1ab-4b2f-b70c-87fa549d6e0e,Opal-User-1341,Opal-User-1341@dev.platform.hmcts.net,,
8c6fe19e-f90c-43fd-a223-1e49fe669beb,Opal-User-1342,Opal-User-1342@dev.platform.hmcts.net,,
8a527d05-77d9-4b77-af7e-84a8de5fe349,Opal-User-1343,Opal-User-1343@dev.platform.hmcts.net,,
4ad51766-c965-41f9-bfdd-c49e8722d402,Opal-User-1344,Opal-User-1344@dev.platform.hmcts.net,,
a5c07974-c72d-4cf5-951f-b425c3253034,Opal-User-1345,Opal-User-1345@dev.platform.hmcts.net,,
2282f47c-e348-4e9b-9134-cbca75b44585,Opal-User-1346,Opal-User-1346@dev.platform.hmcts.net,,
25b9a22a-e790-417f-a9cb-6998185c1780,Opal-User-1347,Opal-User-1347@dev.platform.hmcts.net,,
8832b31f-82ce-4d3f-af60-67b1f17a380b,Opal-User-1348,Opal-User-1348@dev.platform.hmcts.net,,
bf090acd-2cae-4838-95da-8fd769dbf7bd,Opal-User-1349,Opal-User-1349@dev.platform.hmcts.net,,
a273dc68-e24e-411c-9731-b8d65703aa4c,Opal-User-1350,Opal-User-1350@dev.platform.hmcts.net,,
80e64a66-e661-4458-bca2-e4464f58ee33,Opal-User-1351,Opal-User-1351@dev.platform.hmcts.net,,
3255e781-cb95-4ad8-99d7-3754b853814b,Opal-User-1352,Opal-User-1352@dev.platform.hmcts.net,,
a2ef9d76-9faa-4a88-ad66-8af94c5c9dad,Opal-User-1353,Opal-User-1353@dev.platform.hmcts.net,,
a6ead429-51d4-4775-886f-c0312d956bc1,Opal-User-1354,Opal-User-1354@dev.platform.hmcts.net,,
dbc44711-6515-48d1-9213-86faed9eaadb,Opal-User-1355,Opal-User-1355@dev.platform.hmcts.net,,
09f55b10-59cf-44de-86ca-eaa07ce757c7,Opal-User-1356,Opal-User-1356@dev.platform.hmcts.net,,
8b02e6d8-4e8f-42c5-aeff-d2df33cc4e7d,Opal-User-1357,Opal-User-1357@dev.platform.hmcts.net,,
130142a8-c23c-4389-9611-cdc45410a08b,Opal-User-1358,Opal-User-1358@dev.platform.hmcts.net,,
85243c7c-3738-4034-8bde-777b4639444c,Opal-User-1359,Opal-User-1359@dev.platform.hmcts.net,,
3e7a5f37-1ce1-40db-9d18-d92a0dacc810,Opal-User-1360,Opal-User-1360@dev.platform.hmcts.net,,
549c300f-1bdd-4b72-bab0-2305cefec7f4,Opal-User-1361,Opal-User-1361@dev.platform.hmcts.net,,
14033da5-30bc-459a-92b9-6573192400db,Opal-User-1362,Opal-User-1362@dev.platform.hmcts.net,,
e231c8d5-5e88-4e98-98ca-92e6d181f2dd,Opal-User-1363,Opal-User-1363@dev.platform.hmcts.net,,
4abec798-1258-4797-9839-69872c930d75,Opal-User-1364,Opal-User-1364@dev.platform.hmcts.net,,
1ee148b0-0009-4b0a-9e7b-d1681fb6df82,Opal-User-1365,Opal-User-1365@dev.platform.hmcts.net,,
207463bd-b382-4df1-a800-2b544a80243e,Opal-User-1366,Opal-User-1366@dev.platform.hmcts.net,,
11f3ca54-631f-4848-a94c-cab7b4056d24,Opal-User-1367,Opal-User-1367@dev.platform.hmcts.net,,
67d4b9b2-a7ba-4791-b942-82b22fa8d0b8,Opal-User-1368,Opal-User-1368@dev.platform.hmcts.net,,
41dd8c10-d14d-428f-99da-e316ec3ad9bd,Opal-User-1369,Opal-User-1369@dev.platform.hmcts.net,,
42886a73-a330-4017-bb60-31cf04d9a04c,Opal-User-1370,Opal-User-1370@dev.platform.hmcts.net,,
abff32fa-84ad-4527-bed3-4b28636e4e7c,Opal-User-1371,Opal-User-1371@dev.platform.hmcts.net,,
f302bfc0-4d1e-49e3-9923-6593b7aa5501,Opal-User-1372,Opal-User-1372@dev.platform.hmcts.net,,
a7909aa7-022a-461b-b17c-409be1732353,Opal-User-1373,Opal-User-1373@dev.platform.hmcts.net,,
d8525554-45fe-460c-ad91-8e5118d5a23c,Opal-User-1374,Opal-User-1374@dev.platform.hmcts.net,,
0cdba2ab-bccb-4f05-b780-10e4a89d8f4a,Opal-User-1375,Opal-User-1375@dev.platform.hmcts.net,,
45bb7b82-2cc0-4a75-8cbd-860109969cb0,Opal-User-1376,Opal-User-1376@dev.platform.hmcts.net,,
69d08711-9595-4373-8707-5c6b14a17a84,Opal-User-1377,Opal-User-1377@dev.platform.hmcts.net,,
368e1b77-7a41-470f-bb5d-e5f6819c2070,Opal-User-1378,Opal-User-1378@dev.platform.hmcts.net,,
75bba6ef-b7cc-434c-9610-10cb7419f7a5,Opal-User-1379,Opal-User-1379@dev.platform.hmcts.net,,
0b2f9ae6-f5f7-480d-a525-73cf414a3d47,Opal-User-1380,Opal-User-1380@dev.platform.hmcts.net,,
9ec899a0-ad01-45eb-812a-c8d2eea0433a,Opal-User-1381,Opal-User-1381@dev.platform.hmcts.net,,
206e79f0-8949-43f1-9611-d6d1444804f4,Opal-User-1382,Opal-User-1382@dev.platform.hmcts.net,,
15ee0046-c9e0-4069-bc94-1b79875d4fde,Opal-User-1383,Opal-User-1383@dev.platform.hmcts.net,,
105987d4-c61d-4d0b-8b7a-cff29fd6c85a,Opal-User-1384,Opal-User-1384@dev.platform.hmcts.net,,
19e636e2-0b6e-49a2-8d66-427adb387ee5,Opal-User-1385,Opal-User-1385@dev.platform.hmcts.net,,
8fdd34c4-f0d4-49da-96ec-ce88c0c2eeda,Opal-User-1386,Opal-User-1386@dev.platform.hmcts.net,,
be97f9a2-b8fe-4505-a97f-0852738ab238,Opal-User-1387,Opal-User-1387@dev.platform.hmcts.net,,
c4ddda47-6f5b-418b-ac43-29751f845cbe,Opal-User-1388,Opal-User-1388@dev.platform.hmcts.net,,
a19383f7-2de9-49f9-b887-8ced139fa544,Opal-User-1389,Opal-User-1389@dev.platform.hmcts.net,,
7738beee-6b81-474e-b685-169313b94bfa,Opal-User-1390,Opal-User-1390@dev.platform.hmcts.net,,
9a67ce62-fdea-4f09-904d-419983074d77,Opal-User-1391,Opal-User-1391@dev.platform.hmcts.net,,
3ea4cb11-ef7b-42b4-b4dd-7d17c69ad7c3,Opal-User-1392,Opal-User-1392@dev.platform.hmcts.net,,
6d53cbea-21bc-4416-85f8-42c0ff652344,Opal-User-1393,Opal-User-1393@dev.platform.hmcts.net,,
f5250373-528f-4a31-895c-14296153719e,Opal-User-1394,Opal-User-1394@dev.platform.hmcts.net,,
cf3072af-eaa5-49a4-88f9-d1e8f8c17ec2,Opal-User-1395,Opal-User-1395@dev.platform.hmcts.net,,
58aeedd1-8092-4fe0-beeb-0bf9800afa17,Opal-User-1396,Opal-User-1396@dev.platform.hmcts.net,,
a6a79cd8-2018-4d12-9055-617c5ed103d9,Opal-User-1397,Opal-User-1397@dev.platform.hmcts.net,,
5a198cad-490b-4ec3-bd9e-b28913208e39,Opal-User-1398,Opal-User-1398@dev.platform.hmcts.net,,
e60caf54-de8c-4ad7-b326-392a50757c4b,Opal-User-1399,Opal-User-1399@dev.platform.hmcts.net,,
a0bdd791-fccf-4603-ba5b-9cfe00cb473c,Opal-User-1400,Opal-User-1400@dev.platform.hmcts.net,,
84e4f17e-a709-40b4-ab36-772ab5182e64,Opal-User-1401,Opal-User-1401@dev.platform.hmcts.net,,
5d7fb67a-6b19-4bc7-a587-f3d2860ec88a,Opal-User-1402,Opal-User-1402@dev.platform.hmcts.net,,
db836c6f-7d04-4fec-a766-3902176fa9c5,Opal-User-1403,Opal-User-1403@dev.platform.hmcts.net,,
115c1908-ba90-4626-9d75-0aeeba890a43,Opal-User-1404,Opal-User-1404@dev.platform.hmcts.net,,
39476184-e598-4e63-a4ef-59005d659885,Opal-User-1405,Opal-User-1405@dev.platform.hmcts.net,,
6553e325-a317-41be-8ac0-c0e92cd0f492,Opal-User-1406,Opal-User-1406@dev.platform.hmcts.net,,
277bf1db-ac89-45b3-87c8-d36141693d7b,Opal-User-1407,Opal-User-1407@dev.platform.hmcts.net,,
437d2ad0-adc4-43a5-bc7a-df01f3bc5470,Opal-User-1408,Opal-User-1408@dev.platform.hmcts.net,,
8bd4cbfd-373c-4779-b2f5-79a639f87dfb,Opal-User-1409,Opal-User-1409@dev.platform.hmcts.net,,
0a765d32-a4c6-42cf-bbfb-6fddd5fcf191,Opal-User-1410,Opal-User-1410@dev.platform.hmcts.net,,
927780c1-0654-4076-b57b-ca46df3014d0,Opal-User-1411,Opal-User-1411@dev.platform.hmcts.net,,
399e2771-da39-4162-a2c4-c9f0762aa8cf,Opal-User-1412,Opal-User-1412@dev.platform.hmcts.net,,
b2e338b0-14fc-4667-995f-278c7a5ff50a,Opal-User-1413,Opal-User-1413@dev.platform.hmcts.net,,
dda0312e-d199-42a2-be0d-cf7c03cca782,Opal-User-1414,Opal-User-1414@dev.platform.hmcts.net,,
5244fa27-0632-4755-a1a7-1c8cc96fcfa6,Opal-User-1415,Opal-User-1415@dev.platform.hmcts.net,,
0449f2f3-6661-4e2e-ab35-c6f8a385562e,Opal-User-1416,Opal-User-1416@dev.platform.hmcts.net,,
ac07c927-31e3-4e5b-8ba0-6d1de86664a6,Opal-User-1417,Opal-User-1417@dev.platform.hmcts.net,,
61a17231-33ed-4042-83b1-8e4a5dd20fc0,Opal-User-1418,Opal-User-1418@dev.platform.hmcts.net,,
4027b48c-7f87-45b7-a627-f689545cdd88,Opal-User-1419,Opal-User-1419@dev.platform.hmcts.net,,
89de16a9-3aa0-4570-a195-02ce6f11e042,Opal-User-1420,Opal-User-1420@dev.platform.hmcts.net,,
6ae31460-ce5f-4c4f-bda2-c3daf2a79e64,Opal-User-1421,Opal-User-1421@dev.platform.hmcts.net,,
f12e1759-2777-4f35-b5bb-ea1ee5e023e8,Opal-User-1422,Opal-User-1422@dev.platform.hmcts.net,,
2efd24c0-983b-4ee6-97a1-11002e19714b,Opal-User-1423,Opal-User-1423@dev.platform.hmcts.net,,
50dc85b2-e8cf-4d57-b267-16465adfc47c,Opal-User-1424,Opal-User-1424@dev.platform.hmcts.net,,
5e5a7637-f8e4-46ff-a0c4-f400e04be914,Opal-User-1425,Opal-User-1425@dev.platform.hmcts.net,,
da7a762f-3896-4f0f-ad5a-5e4d0e4ad8ce,Opal-User-1426,Opal-User-1426@dev.platform.hmcts.net,,
339c2eda-a1da-4994-8d0a-576575e4b484,Opal-User-1427,Opal-User-1427@dev.platform.hmcts.net,,
9377bb17-6268-4a39-8813-679512c6aae8,Opal-User-1428,Opal-User-1428@dev.platform.hmcts.net,,
0df64993-fe67-4ef5-914d-9f18e4342ce7,Opal-User-1429,Opal-User-1429@dev.platform.hmcts.net,,
b4744774-8d99-4f0c-8ac2-58eaf951efef,Opal-User-1430,Opal-User-1430@dev.platform.hmcts.net,,
525eee34-45ec-4238-8dd7-d82f76202f2a,Opal-User-1431,Opal-User-1431@dev.platform.hmcts.net,,
dc4da5f9-81f3-4feb-adc6-a367539ffdc7,Opal-User-1432,Opal-User-1432@dev.platform.hmcts.net,,
91ca56f8-bc9d-42c8-84f5-c1d6f01a995b,Opal-User-1433,Opal-User-1433@dev.platform.hmcts.net,,
d19de525-a455-4300-8e24-a934bfa34bef,Opal-User-1434,Opal-User-1434@dev.platform.hmcts.net,,
6461a162-b42e-4375-b1ab-519b43702603,Opal-User-1435,Opal-User-1435@dev.platform.hmcts.net,,
3c31c5a5-07e3-41e3-ae2a-cb98720d04f8,Opal-User-1436,Opal-User-1436@dev.platform.hmcts.net,,
9bb2448e-06c6-4411-aea7-82e23d4d7d60,Opal-User-1437,Opal-User-1437@dev.platform.hmcts.net,,
9e9a05f5-d76b-4090-8b0f-2dd9468c5c4f,Opal-User-1438,Opal-User-1438@dev.platform.hmcts.net,,
b7f77a12-1f86-4b95-b548-a3eb5bd2e12d,Opal-User-1439,Opal-User-1439@dev.platform.hmcts.net,,
2cb2ae70-67f6-434a-b169-7daeea9eef8e,Opal-User-1440,Opal-User-1440@dev.platform.hmcts.net,,
e4aedf5b-1da6-451d-bc47-6e28d900f4c9,Opal-User-1441,Opal-User-1441@dev.platform.hmcts.net,,
4e17d058-f154-4d29-aa4d-3e1d22098de6,Opal-User-1442,Opal-User-1442@dev.platform.hmcts.net,,
ac349ee8-6a08-468f-8328-c22715316b24,Opal-User-1443,Opal-User-1443@dev.platform.hmcts.net,,
8b4cd3ea-c7d3-4925-a087-324fef6431de,Opal-User-1444,Opal-User-1444@dev.platform.hmcts.net,,
a0f17039-c84a-43a1-bb31-9a0e3196ed25,Opal-User-1445,Opal-User-1445@dev.platform.hmcts.net,,
981f1f66-e2d4-4e16-906f-d17a9db0ffb4,Opal-User-1446,Opal-User-1446@dev.platform.hmcts.net,,
92b7c19a-f493-45ee-80b8-63953a3ab75a,Opal-User-1447,Opal-User-1447@dev.platform.hmcts.net,,
0e22889f-b2fd-4276-bf64-4df1b6e74b08,Opal-User-1448,Opal-User-1448@dev.platform.hmcts.net,,
685b620b-4b79-424b-b6e2-e1c52cedb5c5,Opal-User-1449,Opal-User-1449@dev.platform.hmcts.net,,
3b9c8120-b3af-4063-b646-2c075b9a2ec0,Opal-User-1450,Opal-User-1450@dev.platform.hmcts.net,,
92e4cd16-3523-4968-b2e6-14a5b1be1ee2,Opal-User-1451,Opal-User-1451@dev.platform.hmcts.net,,
4802d03a-1e30-4914-95a1-2b06f0726805,Opal-User-1452,Opal-User-1452@dev.platform.hmcts.net,,
c74d6299-8af0-45bb-a54c-381ea1eabdf7,Opal-User-1453,Opal-User-1453@dev.platform.hmcts.net,,
6055b303-c7b5-45e1-b10f-7a75084d7562,Opal-User-1454,Opal-User-1454@dev.platform.hmcts.net,,
fd35c238-0e8a-4abc-9987-2e3989020ce8,Opal-User-1455,Opal-User-1455@dev.platform.hmcts.net,,
86b456ca-85bc-44c7-b60e-6a609f270ae0,Opal-User-1456,Opal-User-1456@dev.platform.hmcts.net,,
96acdd42-817f-4f56-b306-5c93356ca1c2,Opal-User-1457,Opal-User-1457@dev.platform.hmcts.net,,
7c6f1fe0-7433-487f-b6ff-a3873ffb4cf5,Opal-User-1458,Opal-User-1458@dev.platform.hmcts.net,,
f41d95b1-84d2-4466-baba-3d067b6d4805,Opal-User-1459,Opal-User-1459@dev.platform.hmcts.net,,
b0ac738a-4b98-4b62-8584-70cf60d224a0,Opal-User-1460,Opal-User-1460@dev.platform.hmcts.net,,
97d6ad49-51a5-41ea-9af9-a0eef8e4b179,Opal-User-1461,Opal-User-1461@dev.platform.hmcts.net,,
0ff57976-b627-4b40-a737-5357ddd40247,Opal-User-1462,Opal-User-1462@dev.platform.hmcts.net,,
e397b05a-d1bc-4de6-98e9-8f027bf2374e,Opal-User-1463,Opal-User-1463@dev.platform.hmcts.net,,
f1f13b16-824d-4808-90a2-458a8f813d33,Opal-User-1464,Opal-User-1464@dev.platform.hmcts.net,,
b9db87c2-b745-4b4e-bb64-bd8d02ab4d9a,Opal-User-1465,Opal-User-1465@dev.platform.hmcts.net,,
ba39536e-15e5-4673-a016-2e725d22ba3f,Opal-User-1466,Opal-User-1466@dev.platform.hmcts.net,,
8e3ba7fc-6371-446c-89dd-1551dfcfa626,Opal-User-1467,Opal-User-1467@dev.platform.hmcts.net,,
993c00ad-6dfe-4a6e-977a-04ce531158ed,Opal-User-1468,Opal-User-1468@dev.platform.hmcts.net,,
35ea2a9c-8569-4076-aa19-e4daf33fbb54,Opal-User-1469,Opal-User-1469@dev.platform.hmcts.net,,
b560cb1a-ef7a-475b-bf74-40cdb68d7b4a,Opal-User-1470,Opal-User-1470@dev.platform.hmcts.net,,
74d0f49a-c4d5-40c1-8a67-c670f4cd19a2,Opal-User-1471,Opal-User-1471@dev.platform.hmcts.net,,
78209c17-f5ed-43de-9dbc-c5504bcedeb0,Opal-User-1472,Opal-User-1472@dev.platform.hmcts.net,,
72690c7c-5988-49b6-bbf5-896359b6d06e,Opal-User-1473,Opal-User-1473@dev.platform.hmcts.net,,
36313db6-057a-4241-ba5c-f99e978a288e,Opal-User-1474,Opal-User-1474@dev.platform.hmcts.net,,
c53fc26a-6947-46d7-af3d-8e92909ee329,Opal-User-1475,Opal-User-1475@dev.platform.hmcts.net,,
6001fda4-4296-44d3-a5d2-e188fad02de6,Opal-User-1476,Opal-User-1476@dev.platform.hmcts.net,,
432b4e70-5b3b-4d3c-9b84-1b24aa9376c1,Opal-User-1477,Opal-User-1477@dev.platform.hmcts.net,,
fc9f4b48-fc4f-4ed0-bb0d-f7cfcce6a799,Opal-User-1478,Opal-User-1478@dev.platform.hmcts.net,,
d3ca839a-f013-445d-b755-ffe5999c7b31,Opal-User-1479,Opal-User-1479@dev.platform.hmcts.net,,
5b55deaa-8d05-4c3a-9bcb-6107d2d62b0f,Opal-User-1480,Opal-User-1480@dev.platform.hmcts.net,,
3e857438-a622-4691-9739-fd9780baf91d,Opal-User-1481,Opal-User-1481@dev.platform.hmcts.net,,
d2107c66-c886-47bf-93d4-fe9e5fe4df80,Opal-User-1482,Opal-User-1482@dev.platform.hmcts.net,,
4613a987-1d5b-4112-bc18-359e1cb982c9,Opal-User-1483,Opal-User-1483@dev.platform.hmcts.net,,
a7d1d27f-7ad8-4d16-9e18-daed47dff674,Opal-User-1484,Opal-User-1484@dev.platform.hmcts.net,,
53172281-d388-4127-b4aa-0b69d95257d7,Opal-User-1485,Opal-User-1485@dev.platform.hmcts.net,,
a9f2bc3c-69d3-4ae0-a98e-410e2777e3a1,Opal-User-1486,Opal-User-1486@dev.platform.hmcts.net,,
9a8891d6-8861-4bcc-9912-c3b0115a1677,Opal-User-1487,Opal-User-1487@dev.platform.hmcts.net,,
86f4d442-6c4c-41b7-9fbc-4f566c11325c,Opal-User-1488,Opal-User-1488@dev.platform.hmcts.net,,
eb271eca-7ed6-4341-92a3-5915b1554ca6,Opal-User-1489,Opal-User-1489@dev.platform.hmcts.net,,
0786b803-ad5a-41a0-8950-f58169b3e016,Opal-User-1490,Opal-User-1490@dev.platform.hmcts.net,,
0d3b4eb8-2797-49f4-a1d5-699dc157477e,Opal-User-1491,Opal-User-1491@dev.platform.hmcts.net,,
3dfb4715-9d2e-4ad1-8b53-db6551fd755f,Opal-User-1492,Opal-User-1492@dev.platform.hmcts.net,,
7f82baa3-c67c-4565-98e5-9c0a68c606df,Opal-User-1493,Opal-User-1493@dev.platform.hmcts.net,,
e5c807ac-24fb-4ccb-85bf-77991d09f70b,Opal-User-1494,Opal-User-1494@dev.platform.hmcts.net,,
548b5423-b43e-44d2-b0f6-48a3be031b27,Opal-User-1495,Opal-User-1495@dev.platform.hmcts.net,,
87f92540-6cce-4e0f-b868-2851dd93a969,Opal-User-1496,Opal-User-1496@dev.platform.hmcts.net,,
531642d4-d4ea-49da-84e2-fe19dc2c602d,Opal-User-1497,Opal-User-1497@dev.platform.hmcts.net,,
9695f29f-0a82-4d13-879f-05cbf2e15366,Opal-User-1498,Opal-User-1498@dev.platform.hmcts.net,,
35f4a752-b128-4774-b86b-b5b402e92629,Opal-User-1499,Opal-User-1499@dev.platform.hmcts.net,,
4c4ba2d6-a3cd-435a-b336-d58d0a09c25c,Opal-User-1500,Opal-User-1500@dev.platform.hmcts.net,,
ffc433cf-e8e8-4dc5-a5a0-6d29cfc0d805,Opal-User-1501,Opal-User-1501@dev.platform.hmcts.net,,
b41f2a7f-f67c-4947-b223-ac974bf0eaf0,Opal-User-1502,Opal-User-1502@dev.platform.hmcts.net,,
4eaea447-c67f-4861-95f3-d34395a2f171,Opal-User-1503,Opal-User-1503@dev.platform.hmcts.net,,
854b9bb6-57ef-4590-956d-43a8bbfb7179,Opal-User-1504,Opal-User-1504@dev.platform.hmcts.net,,
6f815064-c85d-4171-8760-97e639c9d118,Opal-User-1505,Opal-User-1505@dev.platform.hmcts.net,,
bfe170c0-abc7-4b8c-bb1c-a8ffa7871165,Opal-User-1506,Opal-User-1506@dev.platform.hmcts.net,,
9b435c57-c6cb-4d95-85da-2b5c87db93b3,Opal-User-1507,Opal-User-1507@dev.platform.hmcts.net,,
fc9d9a37-55e6-4988-b8a1-f3dc0e7bf870,Opal-User-1508,Opal-User-1508@dev.platform.hmcts.net,,
9aa1c546-8822-4550-b61d-3bcf88b0d48f,Opal-User-1509,Opal-User-1509@dev.platform.hmcts.net,,
28b11c3c-5cec-40c0-93e4-e7fde2069e87,Opal-User-1510,Opal-User-1510@dev.platform.hmcts.net,,
ed41d8dd-c7da-4d98-9bc9-9a5fbd7009e0,Opal-User-1511,Opal-User-1511@dev.platform.hmcts.net,,
313864e0-c0eb-4907-b36a-f4db0d845b14,Opal-User-1512,Opal-User-1512@dev.platform.hmcts.net,,
3e3fe33a-d0c8-4e01-ad3c-1800b60b0a16,Opal-User-1513,Opal-User-1513@dev.platform.hmcts.net,,
1ef39421-d783-477a-bfef-37308f3e1f3b,Opal-User-1514,Opal-User-1514@dev.platform.hmcts.net,,
495c1e97-c8d1-4617-8f76-5ed389cb1093,Opal-User-1515,Opal-User-1515@dev.platform.hmcts.net,,
52db643a-bbf2-4087-ab11-e68dd6cc06ee,Opal-User-1516,Opal-User-1516@dev.platform.hmcts.net,,
a385832f-7b8e-4fe0-a795-43cd42142699,Opal-User-1517,Opal-User-1517@dev.platform.hmcts.net,,
279da99a-6a34-40d3-a06e-52b2835a3b5a,Opal-User-1518,Opal-User-1518@dev.platform.hmcts.net,,
04aaa7f8-b507-4ec7-b417-06a080f5b226,Opal-User-1519,Opal-User-1519@dev.platform.hmcts.net,,
98ceb478-99e7-4aa3-b37c-08e724760f62,Opal-User-1520,Opal-User-1520@dev.platform.hmcts.net,,
edc26859-2621-4523-8f59-61fb2b41b1d4,Opal-User-1521,Opal-User-1521@dev.platform.hmcts.net,,
89542e05-b4d8-4c2c-a3ed-99263254f6d0,Opal-User-1522,Opal-User-1522@dev.platform.hmcts.net,,
625877c0-f16c-4659-9e07-925a5c4331c9,Opal-User-1523,Opal-User-1523@dev.platform.hmcts.net,,
b782fefd-2554-4ada-ad59-44c57649fc7e,Opal-User-1524,Opal-User-1524@dev.platform.hmcts.net,,
57c61e3b-1f0e-4908-a2c6-4fa8fb10ae57,Opal-User-1525,Opal-User-1525@dev.platform.hmcts.net,,
656405eb-767b-4321-89e1-9c6f6292f6a1,Opal-User-1526,Opal-User-1526@dev.platform.hmcts.net,,
3d8ac8f4-b677-4ab6-b870-a455f605cd38,Opal-User-1527,Opal-User-1527@dev.platform.hmcts.net,,
bd052b90-af41-4dfc-a64e-cd4fe8e19242,Opal-User-1528,Opal-User-1528@dev.platform.hmcts.net,,
2dee1492-009b-4c46-b91e-043aecda6dfe,Opal-User-1529,Opal-User-1529@dev.platform.hmcts.net,,
7da89255-3e50-4dc5-bc2c-b785044af4e8,Opal-User-1530,Opal-User-1530@dev.platform.hmcts.net,,
8032bb46-7c32-4203-98c3-88908871d4b3,Opal-User-1531,Opal-User-1531@dev.platform.hmcts.net,,
00518fd4-354c-4dfe-b88b-9cf9f3dd2e53,Opal-User-1532,Opal-User-1532@dev.platform.hmcts.net,,
086fd9c4-6c74-4538-87a7-a91e7b8c63c4,Opal-User-1533,Opal-User-1533@dev.platform.hmcts.net,,
84b81099-c669-4e83-b9ba-871a12db9b36,Opal-User-1534,Opal-User-1534@dev.platform.hmcts.net,,
149c9c45-6b64-43f9-8c9e-de139e7f0330,Opal-User-1535,Opal-User-1535@dev.platform.hmcts.net,,
8849be2e-2602-48c4-864c-74c418bede3c,Opal-User-1536,Opal-User-1536@dev.platform.hmcts.net,,
2328b1f5-10be-4c0d-8a9c-2f138a2a1c5b,Opal-User-1537,Opal-User-1537@dev.platform.hmcts.net,,
aebfd954-b12b-47e8-9ebb-49efff2fbd66,Opal-User-1538,Opal-User-1538@dev.platform.hmcts.net,,
f18bb735-3aed-467d-a743-453d2a66093b,Opal-User-1539,Opal-User-1539@dev.platform.hmcts.net,,
c04c8c4c-524f-4d2e-818f-67c6e84db051,Opal-User-1540,Opal-User-1540@dev.platform.hmcts.net,,
9e8e2774-3cd0-414d-b1e2-62fb7a50ea5d,Opal-User-1541,Opal-User-1541@dev.platform.hmcts.net,,
37227aec-e2a0-49cd-82eb-5d0976818947,Opal-User-1542,Opal-User-1542@dev.platform.hmcts.net,,
bd70b005-b8b8-4efc-b306-63a6adba4939,Opal-User-1543,Opal-User-1543@dev.platform.hmcts.net,,
d657acf9-7dc2-454d-a9e3-df8a37782f4c,Opal-User-1544,Opal-User-1544@dev.platform.hmcts.net,,
b3850112-9f1e-43fb-9548-ff81b84eaf05,Opal-User-1545,Opal-User-1545@dev.platform.hmcts.net,,
dfb20b5b-3b7f-4cd4-b0f5-9551e8685e21,Opal-User-1546,Opal-User-1546@dev.platform.hmcts.net,,
16303262-5e01-4f89-9ddc-ba6f3cabccda,Opal-User-1547,Opal-User-1547@dev.platform.hmcts.net,,
3e68e2a2-aa02-4e43-b02b-6d1e93dbe06d,Opal-User-1548,Opal-User-1548@dev.platform.hmcts.net,,
f81c27c6-582a-48bc-a428-c1a36a3fd317,Opal-User-1549,Opal-User-1549@dev.platform.hmcts.net,,
37a8aba5-0f57-4955-bddd-ea6923a44cb9,Opal-User-1550,Opal-User-1550@dev.platform.hmcts.net,,
a581b05f-8e1b-49f8-ac54-1cceee76e7be,Opal-User-1551,Opal-User-1551@dev.platform.hmcts.net,,
74394bf2-4bef-4a49-a8ba-3ad9c61667c1,Opal-User-1552,Opal-User-1552@dev.platform.hmcts.net,,
46a1549b-9745-4d7f-a249-af23cca2617d,Opal-User-1553,Opal-User-1553@dev.platform.hmcts.net,,
0613741b-e817-45be-bd7a-6ca976b9207f,Opal-User-1554,Opal-User-1554@dev.platform.hmcts.net,,
1c11ef71-1462-41b0-9d40-4cc79a70fd1e,Opal-User-1555,Opal-User-1555@dev.platform.hmcts.net,,
f8b75494-89a6-491b-9427-54a723a44ebc,Opal-User-1556,Opal-User-1556@dev.platform.hmcts.net,,
48c37fa5-03db-4409-8c8b-17900194bc44,Opal-User-1557,Opal-User-1557@dev.platform.hmcts.net,,
9fcaff90-5ed1-4b77-aef3-b7c2a6b958e2,Opal-User-1558,Opal-User-1558@dev.platform.hmcts.net,,
4ac06c44-1731-4de8-aa24-6d9be49803d8,Opal-User-1559,Opal-User-1559@dev.platform.hmcts.net,,
9b49c500-3970-4102-9fe3-db6c27861e4d,Opal-User-1560,Opal-User-1560@dev.platform.hmcts.net,,
72b47fc7-75ab-4c9e-868e-5e55dd49917a,Opal-User-1561,Opal-User-1561@dev.platform.hmcts.net,,
1e1ab821-6df4-45b0-b463-c596a53adc3c,Opal-User-1562,Opal-User-1562@dev.platform.hmcts.net,,
b3f5c5e9-447a-4b09-ab8b-1ecccdc55e84,Opal-User-1563,Opal-User-1563@dev.platform.hmcts.net,,
961d7a30-6151-40f6-ae1d-d9910b06ee39,Opal-User-1564,Opal-User-1564@dev.platform.hmcts.net,,
faa9ec5a-24f5-420a-b524-91aa12d1e20b,Opal-User-1565,Opal-User-1565@dev.platform.hmcts.net,,
6d5bc869-66bb-46a1-b666-bbd8104c44c7,Opal-User-1566,Opal-User-1566@dev.platform.hmcts.net,,
b81acda3-7a16-4ea6-af4f-cb4db2405fd7,Opal-User-1567,Opal-User-1567@dev.platform.hmcts.net,,
1e992953-bd55-469a-8645-6b356721c16f,Opal-User-1568,Opal-User-1568@dev.platform.hmcts.net,,
af24a920-5c1a-4572-a8e5-c4678b21336d,Opal-User-1569,Opal-User-1569@dev.platform.hmcts.net,,
f16b9b6b-c3d7-4824-ac9b-5f657a9b1f0c,Opal-User-1570,Opal-User-1570@dev.platform.hmcts.net,,
5362d938-83c6-4c16-bd23-edd1ada9a660,Opal-User-1571,Opal-User-1571@dev.platform.hmcts.net,,
a8dbf161-74f4-415b-af34-93eea3d5a5b0,Opal-User-1572,Opal-User-1572@dev.platform.hmcts.net,,
d5d5535f-d70d-492f-8879-b86bc3b0498d,Opal-User-1573,Opal-User-1573@dev.platform.hmcts.net,,
29ea947c-476c-495f-b845-c8e19b7eaa35,Opal-User-1574,Opal-User-1574@dev.platform.hmcts.net,,
17dddf57-2eff-46aa-a82e-b59de44f1d79,Opal-User-1575,Opal-User-1575@dev.platform.hmcts.net,,
448c30a5-a897-4e44-88c9-7a10d6e23243,Opal-User-1576,Opal-User-1576@dev.platform.hmcts.net,,
f1ed725a-a6eb-436a-b909-cb4c7b4d3ed0,Opal-User-1577,Opal-User-1577@dev.platform.hmcts.net,,
ed4b8bf5-8fda-4a4a-b1dd-504df027dce1,Opal-User-1578,Opal-User-1578@dev.platform.hmcts.net,,
1cf1558d-14a7-477c-ad09-d4b131f9bb11,Opal-User-1579,Opal-User-1579@dev.platform.hmcts.net,,
13ca5d3a-c553-47a9-88b7-8525ccb07a92,Opal-User-1580,Opal-User-1580@dev.platform.hmcts.net,,
acba64d9-d0f6-441b-ac86-f35f630b94b6,Opal-User-1581,Opal-User-1581@dev.platform.hmcts.net,,
82c14a9f-9b27-4b4a-ab2b-b089649504bb,Opal-User-1582,Opal-User-1582@dev.platform.hmcts.net,,
ccd71ce1-98d3-406e-aa72-c62ea5e4b037,Opal-User-1583,Opal-User-1583@dev.platform.hmcts.net,,
9bec9b78-da21-40dc-8e26-1e73b0453e53,Opal-User-1584,Opal-User-1584@dev.platform.hmcts.net,,
31013f0e-b5c2-46ef-95c8-4eb8a606df65,Opal-User-1585,Opal-User-1585@dev.platform.hmcts.net,,
f4e7f23b-a4e1-4501-bf88-3a9bfc447540,Opal-User-1586,Opal-User-1586@dev.platform.hmcts.net,,
cf94ae3b-5e22-43d5-9b54-9bbbe755b172,Opal-User-1587,Opal-User-1587@dev.platform.hmcts.net,,
cbecbc2b-5642-4e4b-8a85-a7b783df3370,Opal-User-1588,Opal-User-1588@dev.platform.hmcts.net,,
eb650ffe-cb0c-467c-8365-4418b409b955,Opal-User-1589,Opal-User-1589@dev.platform.hmcts.net,,
bfd3085d-994e-4c58-8d77-898697c3fe30,Opal-User-1590,Opal-User-1590@dev.platform.hmcts.net,,
9034d334-2c1f-48b2-8cb6-99910f92104a,Opal-User-1591,Opal-User-1591@dev.platform.hmcts.net,,
c7b11509-c33d-442e-acf7-8fcb07b28227,Opal-User-1592,Opal-User-1592@dev.platform.hmcts.net,,
54a18195-e852-4880-a90a-2ebecade9a16,Opal-User-1593,Opal-User-1593@dev.platform.hmcts.net,,
ab4d73b9-d6c5-47f8-827d-a640f3db7983,Opal-User-1594,Opal-User-1594@dev.platform.hmcts.net,,
82b45dbe-5683-4a7f-bd98-2245eed154fa,Opal-User-1595,Opal-User-1595@dev.platform.hmcts.net,,
ae2dcbbb-ba1a-43fe-b197-d2b0c93ec094,Opal-User-1596,Opal-User-1596@dev.platform.hmcts.net,,
9888ed55-097d-4b9e-9d2a-406fbc349c61,Opal-User-1597,Opal-User-1597@dev.platform.hmcts.net,,
9e36c17b-b8a0-466e-a6c9-f24f98181ade,Opal-User-1598,Opal-User-1598@dev.platform.hmcts.net,,
0f537ea8-b699-4abb-adae-691da7e8b4e8,Opal-User-1599,Opal-User-1599@dev.platform.hmcts.net,,
e9e978da-aec8-4c30-9527-ace6017cb020,Opal-User-1600,Opal-User-1600@dev.platform.hmcts.net,,
bf2bfeca-ca48-459f-bada-058374693c45,Opal-User-1601,Opal-User-1601@dev.platform.hmcts.net,,
f2a44657-227a-4b99-b512-0ff8dffbeb3c,Opal-User-1602,Opal-User-1602@dev.platform.hmcts.net,,
755b48d4-776c-49c3-b650-8365933719bc,Opal-User-1603,Opal-User-1603@dev.platform.hmcts.net,,
ffb1f008-09c0-4f14-8560-987b88d16089,Opal-User-1604,Opal-User-1604@dev.platform.hmcts.net,,
950a7ce7-ddad-451c-a055-81ccad40d607,Opal-User-1605,Opal-User-1605@dev.platform.hmcts.net,,
dcb3f083-33a6-4c87-984a-baeadc25b197,Opal-User-1606,Opal-User-1606@dev.platform.hmcts.net,,
028d5eea-d1af-4e0c-ae51-0c4149c1ad46,Opal-User-1607,Opal-User-1607@dev.platform.hmcts.net,,
bf928568-6841-4abf-94a5-f48a3c22d525,Opal-User-1608,Opal-User-1608@dev.platform.hmcts.net,,
4d88a840-1c18-45df-a123-447c7720b0c9,Opal-User-1609,Opal-User-1609@dev.platform.hmcts.net,,
1a909073-6f6e-4e64-b2a2-79efca748fe0,Opal-User-1610,Opal-User-1610@dev.platform.hmcts.net,,
d0090ac0-098b-4557-ac5b-27a77a2140b3,Opal-User-1611,Opal-User-1611@dev.platform.hmcts.net,,
2062df93-9ec5-492a-bb44-3e314b618df1,Opal-User-1612,Opal-User-1612@dev.platform.hmcts.net,,
9a41b151-d533-49af-98c7-527a9db4d378,Opal-User-1613,Opal-User-1613@dev.platform.hmcts.net,,
0e757228-a295-4983-8b30-8edd47e499ce,Opal-User-1614,Opal-User-1614@dev.platform.hmcts.net,,
e2f88c28-da1d-4043-a430-e1e90e86ddd6,Opal-User-1615,Opal-User-1615@dev.platform.hmcts.net,,
4540562e-66b0-45ca-984d-203796dc10d3,Opal-User-1616,Opal-User-1616@dev.platform.hmcts.net,,
1c35d00e-156e-41a8-ac44-76db8e054ffd,Opal-User-1617,Opal-User-1617@dev.platform.hmcts.net,,
b193b62a-16ff-45c5-b353-6b5836455527,Opal-User-1618,Opal-User-1618@dev.platform.hmcts.net,,
cf64bed0-ffee-46df-85ca-d70ad4b02af0,Opal-User-1619,Opal-User-1619@dev.platform.hmcts.net,,
1b4ecb38-7140-452d-bc57-c8ce8f6b1bb6,Opal-User-1620,Opal-User-1620@dev.platform.hmcts.net,,
28d8eb45-3c76-40c2-8eef-2ac7ecc83078,Opal-User-1621,Opal-User-1621@dev.platform.hmcts.net,,
10abfada-3b39-4b2a-ac2b-8a7b34f05c91,Opal-User-1622,Opal-User-1622@dev.platform.hmcts.net,,
b14771ef-b2b3-47b8-af65-7fc33bb44eae,Opal-User-1623,Opal-User-1623@dev.platform.hmcts.net,,
104eaa7d-19ee-4b23-aa36-a5b3b22994d4,Opal-User-1624,Opal-User-1624@dev.platform.hmcts.net,,
619bdcb7-f862-428d-9cbe-5fe828c36470,Opal-User-1625,Opal-User-1625@dev.platform.hmcts.net,,
da44fcdf-8974-48cc-88d0-a7a4a92ed2e1,Opal-User-1626,Opal-User-1626@dev.platform.hmcts.net,,
5a5ced25-61bf-4e04-bee5-2cf9a15c2def,Opal-User-1627,Opal-User-1627@dev.platform.hmcts.net,,
f592e769-2825-4e6b-af81-b812d5de3292,Opal-User-1628,Opal-User-1628@dev.platform.hmcts.net,,
1a8911e5-6dd4-47aa-a616-98cf03fc016d,Opal-User-1629,Opal-User-1629@dev.platform.hmcts.net,,
9bf8409d-df8b-48cb-8572-415769feb229,Opal-User-1630,Opal-User-1630@dev.platform.hmcts.net,,
241d35ee-ce59-40f7-ac75-44b185b5a65d,Opal-User-1631,Opal-User-1631@dev.platform.hmcts.net,,
f352f7e1-b03b-4266-81b4-3af8e95ba422,Opal-User-1632,Opal-User-1632@dev.platform.hmcts.net,,
861a03c3-1af6-4a04-90fc-71b5f071fa43,Opal-User-1633,Opal-User-1633@dev.platform.hmcts.net,,
3d758227-2ace-4bfb-9d16-baa97261446a,Opal-User-1634,Opal-User-1634@dev.platform.hmcts.net,,
c2072fb7-9ceb-432a-a435-83d3f8dbbde1,Opal-User-1635,Opal-User-1635@dev.platform.hmcts.net,,
b65d69d3-e645-4b45-a0b5-034984e751e8,Opal-User-1636,Opal-User-1636@dev.platform.hmcts.net,,
c40ce008-37c1-43a3-af79-697f580f91e9,Opal-User-1637,Opal-User-1637@dev.platform.hmcts.net,,
863528fb-99d8-4356-a1e6-a56f08ae3261,Opal-User-1638,Opal-User-1638@dev.platform.hmcts.net,,
e9ba94db-3a01-4e49-ac18-c3fb936d1faa,Opal-User-1639,Opal-User-1639@dev.platform.hmcts.net,,
0c8aacd5-4942-439e-a8c1-a63ca6ca4291,Opal-User-1640,Opal-User-1640@dev.platform.hmcts.net,,
5d89ed3b-3569-4e0a-9f39-8d8d0f9a7aa1,Opal-User-1641,Opal-User-1641@dev.platform.hmcts.net,,
fff6c240-7d6a-406f-9441-aeb6c74c4dfe,Opal-User-1642,Opal-User-1642@dev.platform.hmcts.net,,
f6dfccb6-9726-4d88-9331-5f02ff8cfe4e,Opal-User-1643,Opal-User-1643@dev.platform.hmcts.net,,
be47712f-0be7-43f1-8bf9-f8e6b7a8f397,Opal-User-1644,Opal-User-1644@dev.platform.hmcts.net,,
b0e609d1-1681-42e7-a3aa-6eec73e47b79,Opal-User-1645,Opal-User-1645@dev.platform.hmcts.net,,
3a924969-eeca-4de4-85fd-ad72c7cae8eb,Opal-User-1646,Opal-User-1646@dev.platform.hmcts.net,,
1a3b6782-896b-49cf-810d-bbb8f14c9363,Opal-User-1647,Opal-User-1647@dev.platform.hmcts.net,,
14c121df-16c3-4059-b5dc-eade62fc38a5,Opal-User-1648,Opal-User-1648@dev.platform.hmcts.net,,
71b9d5df-e66f-46ea-91d9-a8450ed8cf15,Opal-User-1649,Opal-User-1649@dev.platform.hmcts.net,,
80fb760b-5d26-400c-a750-9b50465dedfe,Opal-User-1650,Opal-User-1650@dev.platform.hmcts.net,,
f70a2c87-d64a-4f04-a615-fef880d6e517,Opal-User-1651,Opal-User-1651@dev.platform.hmcts.net,,
3d1c9444-ee0c-4743-9a8c-f3ea9ee8fb29,Opal-User-1652,Opal-User-1652@dev.platform.hmcts.net,,
b472c303-444d-4b2c-b31e-8a12680e316c,Opal-User-1653,Opal-User-1653@dev.platform.hmcts.net,,
9abdc356-939f-42a8-a689-8ea46e951a34,Opal-User-1654,Opal-User-1654@dev.platform.hmcts.net,,
1845a9b4-1abb-4a3b-ae4c-8ade2ed7692c,Opal-User-1655,Opal-User-1655@dev.platform.hmcts.net,,
0e78110e-b2d7-428c-b7fd-334a91977f98,Opal-User-1656,Opal-User-1656@dev.platform.hmcts.net,,
15b16167-a782-4d26-a14d-408d18b29649,Opal-User-1657,Opal-User-1657@dev.platform.hmcts.net,,
fa90287e-2b9c-43b2-a46c-6e7102a11bf7,Opal-User-1658,Opal-User-1658@dev.platform.hmcts.net,,
83b307ff-0a58-4636-be37-d80191242327,Opal-User-1659,Opal-User-1659@dev.platform.hmcts.net,,
9eb8c51d-36c4-4106-9152-fc7a77086a41,Opal-User-1660,Opal-User-1660@dev.platform.hmcts.net,,
e65fe01a-78b8-4e09-bb93-39f67e144856,Opal-User-1661,Opal-User-1661@dev.platform.hmcts.net,,
5d669551-049f-4c9c-ad09-cc7abe544f4f,Opal-User-1662,Opal-User-1662@dev.platform.hmcts.net,,
945b4d61-77b3-4a56-acdc-fb33fd6ed420,Opal-User-1663,Opal-User-1663@dev.platform.hmcts.net,,
503921dc-ddf6-4f35-97fb-40c561d55cc8,Opal-User-1664,Opal-User-1664@dev.platform.hmcts.net,,
8ac724a8-abd8-4f71-99f8-9cf5e779a0ba,Opal-User-1665,Opal-User-1665@dev.platform.hmcts.net,,
cc50210e-7ab9-4d87-b451-c4e00cac2b11,Opal-User-1666,Opal-User-1666@dev.platform.hmcts.net,,
2294b673-d3b5-434e-99fb-7a68f81281ff,Opal-User-1667,Opal-User-1667@dev.platform.hmcts.net,,
d4bf09e0-412a-4875-99c5-001721f214de,Opal-User-1668,Opal-User-1668@dev.platform.hmcts.net,,
4b1aaee8-3683-4543-945d-0fee26ee61fd,Opal-User-1669,Opal-User-1669@dev.platform.hmcts.net,,
7d3038b0-0ea0-4254-8f43-30e9ca19b74a,Opal-User-1670,Opal-User-1670@dev.platform.hmcts.net,,
d2a1a79f-daaf-4da0-b846-e476c215eb7a,Opal-User-1671,Opal-User-1671@dev.platform.hmcts.net,,
3ab53462-e94c-4aa1-b592-bacfcdf29ea9,Opal-User-1672,Opal-User-1672@dev.platform.hmcts.net,,
defabbea-472c-41a3-85f6-eb1705c1fcad,Opal-User-1673,Opal-User-1673@dev.platform.hmcts.net,,
f3fc2999-4d8b-4bce-979e-68de8f9eb432,Opal-User-1674,Opal-User-1674@dev.platform.hmcts.net,,
ddce9ca2-1d27-457b-a79a-648e404eca81,Opal-User-1675,Opal-User-1675@dev.platform.hmcts.net,,
f1198aa8-33ab-4ded-b6bc-cee485415201,Opal-User-1676,Opal-User-1676@dev.platform.hmcts.net,,
280546e4-20f8-4892-b486-5ba23fa4df1f,Opal-User-1677,Opal-User-1677@dev.platform.hmcts.net,,
040a72d4-c1e2-401f-a440-32d3480f13bb,Opal-User-1678,Opal-User-1678@dev.platform.hmcts.net,,
15776883-547b-4584-a6de-36318a6636bb,Opal-User-1679,Opal-User-1679@dev.platform.hmcts.net,,
67c9ae83-00b5-4db3-8cef-94359c3688c2,Opal-User-1680,Opal-User-1680@dev.platform.hmcts.net,,
7de9f8ba-43a8-4a14-a1c3-cf0989f449c5,Opal-User-1681,Opal-User-1681@dev.platform.hmcts.net,,
6b5d3f7b-1351-4985-8a29-b95aec38eea4,Opal-User-1682,Opal-User-1682@dev.platform.hmcts.net,,
d8b32d40-6c30-4740-a0e7-68dec2168263,Opal-User-1683,Opal-User-1683@dev.platform.hmcts.net,,
44d21834-d48d-4977-9667-e6f1a18e0369,Opal-User-1684,Opal-User-1684@dev.platform.hmcts.net,,
63132668-c1d7-48bf-ad67-e0ababb582e5,Opal-User-1685,Opal-User-1685@dev.platform.hmcts.net,,
2103fdf9-ee04-4045-870d-16ffbbc56fbc,Opal-User-1686,Opal-User-1686@dev.platform.hmcts.net,,
6015975c-e995-47f3-9158-34d5b5d52093,Opal-User-1687,Opal-User-1687@dev.platform.hmcts.net,,
474fb903-466b-428d-ac4d-dbb8c4fffbd0,Opal-User-1688,Opal-User-1688@dev.platform.hmcts.net,,
0607cd6a-db29-4544-8d92-0cc01dd780f9,Opal-User-1689,Opal-User-1689@dev.platform.hmcts.net,,
c55ae6ff-d3cc-4254-8911-e27fdd4180a1,Opal-User-1690,Opal-User-1690@dev.platform.hmcts.net,,
7fb237ef-9532-4609-aefa-3f96b1f7303d,Opal-User-1691,Opal-User-1691@dev.platform.hmcts.net,,
a4dccfb5-fadf-45c7-9919-93afa1ef0aa7,Opal-User-1692,Opal-User-1692@dev.platform.hmcts.net,,
5c2be410-2eb4-45d0-8b60-c77663005a52,Opal-User-1693,Opal-User-1693@dev.platform.hmcts.net,,
5fa376cd-8535-4c93-8e56-a36895875ccb,Opal-User-1694,Opal-User-1694@dev.platform.hmcts.net,,
093e844a-97f0-4dea-b395-c9df7cd3a466,Opal-User-1695,Opal-User-1695@dev.platform.hmcts.net,,
5f0e0fcd-e950-497c-8bc0-00663db3379b,Opal-User-1696,Opal-User-1696@dev.platform.hmcts.net,,
f0faea8b-2ac5-4e13-97e1-93c6b6c8a453,Opal-User-1697,Opal-User-1697@dev.platform.hmcts.net,,
34dda967-42a9-4142-8543-8fc6d90ad372,Opal-User-1698,Opal-User-1698@dev.platform.hmcts.net,,
537f308a-95a9-4453-8972-2069e6dc7de0,Opal-User-1699,Opal-User-1699@dev.platform.hmcts.net,,
ede161e3-7c47-4abf-9bf9-ee59ad71134b,Opal-User-1700,Opal-User-1700@dev.platform.hmcts.net,,
f4f7daec-b17c-4b6b-bded-879a8a67d904,Opal-User-1701,Opal-User-1701@dev.platform.hmcts.net,,
205464ac-54a9-4ccf-b219-b41ed0175982,Opal-User-1702,Opal-User-1702@dev.platform.hmcts.net,,
44a8e3ca-7142-469e-9554-d009ef7df13a,Opal-User-1703,Opal-User-1703@dev.platform.hmcts.net,,
0caf2a37-51a3-41e3-b4e2-8d8df3c077fa,Opal-User-1704,Opal-User-1704@dev.platform.hmcts.net,,
dafb73fa-92c6-4370-8511-f47ce14bcedf,Opal-User-1705,Opal-User-1705@dev.platform.hmcts.net,,
6dd52acf-564f-4fa4-9d87-89951857c644,Opal-User-1706,Opal-User-1706@dev.platform.hmcts.net,,
48b70fd0-919d-47bd-9415-cabae217da5e,Opal-User-1707,Opal-User-1707@dev.platform.hmcts.net,,
8a9df631-bc5f-4d9f-89e7-99cc335a0134,Opal-User-1708,Opal-User-1708@dev.platform.hmcts.net,,
e3d2c66d-504f-4b5e-956e-0234e107e5a6,Opal-User-1709,Opal-User-1709@dev.platform.hmcts.net,,
855158f1-9c35-469f-a2d4-36a2664eee7a,Opal-User-1710,Opal-User-1710@dev.platform.hmcts.net,,
0c4a47ec-4226-46f8-8b7a-e4744012695e,Opal-User-1711,Opal-User-1711@dev.platform.hmcts.net,,
03805f6b-8135-41d6-bdd8-7a391af5cedf,Opal-User-1712,Opal-User-1712@dev.platform.hmcts.net,,
c5a7a91d-fdf8-4dcf-84bd-40cbddff648d,Opal-User-1713,Opal-User-1713@dev.platform.hmcts.net,,
915a0315-a7e5-4ebc-b1a7-39351b008338,Opal-User-1714,Opal-User-1714@dev.platform.hmcts.net,,
d530beda-146d-4cf6-986a-4f1745c19640,Opal-User-1715,Opal-User-1715@dev.platform.hmcts.net,,
9d6bafbd-6811-4e85-94b4-03b7cf88f1aa,Opal-User-1716,Opal-User-1716@dev.platform.hmcts.net,,
f7a9453e-5d19-48f7-92c1-750b447056eb,Opal-User-1717,Opal-User-1717@dev.platform.hmcts.net,,
9a369900-7dce-4fdc-9e33-2ca88fdbe713,Opal-User-1718,Opal-User-1718@dev.platform.hmcts.net,,
22633dbe-6ed4-43e1-a647-267bf4f45940,Opal-User-1719,Opal-User-1719@dev.platform.hmcts.net,,
bee56bb8-f889-40b6-bfca-3296eba511fc,Opal-User-1720,Opal-User-1720@dev.platform.hmcts.net,,
fd43f95d-9c54-450e-ae3a-290d42bb5f86,Opal-User-1721,Opal-User-1721@dev.platform.hmcts.net,,
cc898436-e381-48fb-afe8-3528f5bf44dd,Opal-User-1722,Opal-User-1722@dev.platform.hmcts.net,,
d21b33c1-48a0-421d-98c1-a8c1217665b6,Opal-User-1723,Opal-User-1723@dev.platform.hmcts.net,,
40d35a63-d752-440b-a911-acf5b1d62539,Opal-User-1724,Opal-User-1724@dev.platform.hmcts.net,,
c265fd6b-03ae-4ff9-8c44-f2ce629cc7ad,Opal-User-1725,Opal-User-1725@dev.platform.hmcts.net,,
61d67692-9c09-4de8-b5c6-d1bda186a7b1,Opal-User-1726,Opal-User-1726@dev.platform.hmcts.net,,
6aeff217-64a8-44c1-bb94-af684bd97b38,Opal-User-1727,Opal-User-1727@dev.platform.hmcts.net,,
19168e0e-2af1-40ba-b407-4ff7439d52ec,Opal-User-1728,Opal-User-1728@dev.platform.hmcts.net,,
01f42f52-4070-407e-b28c-94299f783d3a,Opal-User-1729,Opal-User-1729@dev.platform.hmcts.net,,
d2038272-36c5-4de4-b7a6-eb930e4b702c,Opal-User-1730,Opal-User-1730@dev.platform.hmcts.net,,
3bc7c450-e978-4dd8-bd9d-5e92181f4455,Opal-User-1731,Opal-User-1731@dev.platform.hmcts.net,,
63f0e1f2-a1de-4210-b552-84638275b860,Opal-User-1732,Opal-User-1732@dev.platform.hmcts.net,,
249aa629-bdec-465c-9d46-08e00101c94e,Opal-User-1733,Opal-User-1733@dev.platform.hmcts.net,,
88208d5a-cd42-4fd1-ba38-ae49c93b3a62,Opal-User-1734,Opal-User-1734@dev.platform.hmcts.net,,
f710efcd-1e01-4c8f-8e79-ba6d0add19d4,Opal-User-1735,Opal-User-1735@dev.platform.hmcts.net,,
8da8a3ad-5549-4c01-bcdd-9635616fba32,Opal-User-1736,Opal-User-1736@dev.platform.hmcts.net,,
a64f4313-8c4a-4a54-9efc-9cdf01815f8c,Opal-User-1737,Opal-User-1737@dev.platform.hmcts.net,,
a7f710a4-78d6-49c0-9436-6531d4814750,Opal-User-1738,Opal-User-1738@dev.platform.hmcts.net,,
d8ffa0f4-c62e-4baa-855e-f6e147b44386,Opal-User-1739,Opal-User-1739@dev.platform.hmcts.net,,
ba56cd72-4e29-4269-b844-11e546d6530a,Opal-User-1740,Opal-User-1740@dev.platform.hmcts.net,,
69f6147e-7471-4a5e-b65f-f7f167c20f6e,Opal-User-1741,Opal-User-1741@dev.platform.hmcts.net,,
466e7078-cfc3-4c74-8466-59028e94dc03,Opal-User-1742,Opal-User-1742@dev.platform.hmcts.net,,
ea311137-5252-4ddf-9d61-29c9cdc45424,Opal-User-1743,Opal-User-1743@dev.platform.hmcts.net,,
45a97ade-1b9d-4747-97a3-68bfb329e725,Opal-User-1744,Opal-User-1744@dev.platform.hmcts.net,,
2677831e-b646-4802-9549-54d9ac44a904,Opal-User-1745,Opal-User-1745@dev.platform.hmcts.net,,
6a114f94-73af-41e7-821d-aac9ab3ff489,Opal-User-1746,Opal-User-1746@dev.platform.hmcts.net,,
23a7ca64-7fa8-4796-8ea9-8b649f3322ca,Opal-User-1747,Opal-User-1747@dev.platform.hmcts.net,,
fef4988b-accf-4747-8dba-0fc7201937af,Opal-User-1748,Opal-User-1748@dev.platform.hmcts.net,,
e399fd1b-f62b-449b-aef9-eecf84064c87,Opal-User-1749,Opal-User-1749@dev.platform.hmcts.net,,
a6b4aa35-e3ae-4db0-a8d1-4774a309dfb8,Opal-User-1750,Opal-User-1750@dev.platform.hmcts.net,,
22d280dc-e2b6-4823-b79b-e633cf55c6cc,Opal-User-1751,Opal-User-1751@dev.platform.hmcts.net,,
992036fa-6d2c-41fb-b629-3fb7e3dd09c9,Opal-User-1752,Opal-User-1752@dev.platform.hmcts.net,,
01ac90dd-659d-43a4-93bc-7d6dfe89147c,Opal-User-1753,Opal-User-1753@dev.platform.hmcts.net,,
ecf53dcc-44e8-47c1-834b-5bc1657c59db,Opal-User-1754,Opal-User-1754@dev.platform.hmcts.net,,
52a1890a-1786-427d-9657-2252503ce3f0,Opal-User-1755,Opal-User-1755@dev.platform.hmcts.net,,
beb22ec2-22e8-4076-812c-ba3e24043dc2,Opal-User-1756,Opal-User-1756@dev.platform.hmcts.net,,
ef66a3a3-c493-44f5-9233-f5603bed784c,Opal-User-1757,Opal-User-1757@dev.platform.hmcts.net,,
ef40927b-2849-4959-8eb3-0d28bcaa74a4,Opal-User-1758,Opal-User-1758@dev.platform.hmcts.net,,
e1b8d7a4-d87a-45b7-acb7-3d0a604766d7,Opal-User-1759,Opal-User-1759@dev.platform.hmcts.net,,
2ac3bff1-9e9b-4d99-aca7-bdeb43fe27e4,Opal-User-1760,Opal-User-1760@dev.platform.hmcts.net,,
efb7ea2a-41f8-405e-813b-771ea2d336df,Opal-User-1761,Opal-User-1761@dev.platform.hmcts.net,,
07d371df-e1a6-4723-9f5e-a63003911f16,Opal-User-1762,Opal-User-1762@dev.platform.hmcts.net,,
2c5abd3e-426a-43b5-ad53-6c77f82da269,Opal-User-1763,Opal-User-1763@dev.platform.hmcts.net,,
f7d03abc-7297-42c5-a6cf-10894b5a95d3,Opal-User-1764,Opal-User-1764@dev.platform.hmcts.net,,
032287ac-5cd9-47a7-8efa-1b7abc7e61ba,Opal-User-1765,Opal-User-1765@dev.platform.hmcts.net,,
97c32a1e-d1d5-440a-8221-880c4192ca62,Opal-User-1766,Opal-User-1766@dev.platform.hmcts.net,,
edff1991-d14a-4bd0-ba1d-3b1df5c77111,Opal-User-1767,Opal-User-1767@dev.platform.hmcts.net,,
56eddd8a-3d57-44f0-a5b7-81926f16cc45,Opal-User-1768,Opal-User-1768@dev.platform.hmcts.net,,
ca674ede-718e-4314-8156-77ebb379c910,Opal-User-1769,Opal-User-1769@dev.platform.hmcts.net,,
293b097d-d964-4312-96a2-1789b8c78a9c,Opal-User-1770,Opal-User-1770@dev.platform.hmcts.net,,
e9ee6ae0-c5bc-4990-b544-66ad747ddd50,Opal-User-1771,Opal-User-1771@dev.platform.hmcts.net,,
b994de75-2683-4f50-b91c-e2356e9edf38,Opal-User-1772,Opal-User-1772@dev.platform.hmcts.net,,
d295198c-e853-45f3-a7c8-383a2a031e3c,Opal-User-1773,Opal-User-1773@dev.platform.hmcts.net,,
7fb9d751-7de6-469f-993a-d2751b8d9d37,Opal-User-1774,Opal-User-1774@dev.platform.hmcts.net,,
17dc9416-ad07-4598-a239-751b60126289,Opal-User-1775,Opal-User-1775@dev.platform.hmcts.net,,
0d886062-7015-4550-bcda-224deb146f92,Opal-User-1776,Opal-User-1776@dev.platform.hmcts.net,,
e7637a59-8e1b-437a-940f-fe1cb03194f4,Opal-User-1777,Opal-User-1777@dev.platform.hmcts.net,,
dbdd8a9a-0119-4249-907c-4ebf567d1ece,Opal-User-1778,Opal-User-1778@dev.platform.hmcts.net,,
26cbde96-fa0f-4e52-a566-5bd15c8c7588,Opal-User-1779,Opal-User-1779@dev.platform.hmcts.net,,
23435462-f873-4ce3-8f3b-3397c88aeac4,Opal-User-1780,Opal-User-1780@dev.platform.hmcts.net,,
e02d69e5-7609-48ad-98aa-87e5464596a1,Opal-User-1781,Opal-User-1781@dev.platform.hmcts.net,,
853ec20c-4b21-43d3-a0da-42136570debc,Opal-User-1782,Opal-User-1782@dev.platform.hmcts.net,,
ed032ddf-f7aa-4d7b-9d9f-79c57e3042a7,Opal-User-1783,Opal-User-1783@dev.platform.hmcts.net,,
2e30dcca-b7c5-4990-b19c-59db68967b09,Opal-User-1784,Opal-User-1784@dev.platform.hmcts.net,,
306cf554-9d17-4895-89c4-7db4d35bb5ed,Opal-User-1785,Opal-User-1785@dev.platform.hmcts.net,,
1eed8d7d-16ae-474c-b342-79d5328c6956,Opal-User-1786,Opal-User-1786@dev.platform.hmcts.net,,
dba06ceb-4d54-47a2-bd5d-15939bf2d238,Opal-User-1787,Opal-User-1787@dev.platform.hmcts.net,,
e3f965d5-66b1-4b18-a680-f239fe0148c8,Opal-User-1788,Opal-User-1788@dev.platform.hmcts.net,,
830df935-9d45-4821-92aa-abbb3edea9b3,Opal-User-1789,Opal-User-1789@dev.platform.hmcts.net,,
e88f0a46-ede0-43ba-8640-81e87ddbeb4c,Opal-User-1790,Opal-User-1790@dev.platform.hmcts.net,,
8ff2b274-2cbe-443c-8175-2c90cbf15ed8,Opal-User-1791,Opal-User-1791@dev.platform.hmcts.net,,
6a17af08-3e91-481b-8915-136be2e02f2e,Opal-User-1792,Opal-User-1792@dev.platform.hmcts.net,,
2067ee9a-9200-4c3d-989c-b08a70678db4,Opal-User-1793,Opal-User-1793@dev.platform.hmcts.net,,
dc17dd7d-44fa-4662-ac36-022945aaea7a,Opal-User-1794,Opal-User-1794@dev.platform.hmcts.net,,
bb10cc06-e6ad-4913-9043-416d1f5692dd,Opal-User-1795,Opal-User-1795@dev.platform.hmcts.net,,
c4068cde-a9e0-4505-bc2c-ea0a799c67d7,Opal-User-1796,Opal-User-1796@dev.platform.hmcts.net,,
b6b0254f-cf41-4432-8dea-a58c96cedbc4,Opal-User-1797,Opal-User-1797@dev.platform.hmcts.net,,
0de295d9-7ad6-4359-9bb5-a3bccf6bbeee,Opal-User-1798,Opal-User-1798@dev.platform.hmcts.net,,
4aa5abc9-fe8e-483f-9f63-af468a03b078,Opal-User-1799,Opal-User-1799@dev.platform.hmcts.net,,
4db87423-cada-4e1f-925c-b4e8bd797bba,Opal-User-1800,Opal-User-1800@dev.platform.hmcts.net,,
e912c8b0-0f67-40cc-b0ef-d60f5768e0de,Opal-User-1801,Opal-User-1801@dev.platform.hmcts.net,,
f875b46d-ac88-41f0-b60d-9fa99bf6ea6c,Opal-User-1802,Opal-User-1802@dev.platform.hmcts.net,,
d02cba26-e278-492e-b227-e1850f5208fc,Opal-User-1803,Opal-User-1803@dev.platform.hmcts.net,,
ac821ea6-b05e-49bc-bee2-9083886ee6c1,Opal-User-1804,Opal-User-1804@dev.platform.hmcts.net,,
9f960cb3-18a9-41ae-8307-a6ae58628177,Opal-User-1805,Opal-User-1805@dev.platform.hmcts.net,,
2919e626-4d3a-4a4d-90c9-4b161b4009f4,Opal-User-1806,Opal-User-1806@dev.platform.hmcts.net,,
1a5ee50c-77ba-4099-8170-3fbd3b42a738,Opal-User-1807,Opal-User-1807@dev.platform.hmcts.net,,
f83a8d48-0d29-4169-aab8-05611124cc22,Opal-User-1808,Opal-User-1808@dev.platform.hmcts.net,,
ef09b41e-1ca1-482e-988f-b0a80a21977a,Opal-User-1809,Opal-User-1809@dev.platform.hmcts.net,,
f3b67080-fe34-4466-955a-8e9d401236f4,Opal-User-1810,Opal-User-1810@dev.platform.hmcts.net,,
a173bdd5-48ad-4bd0-8ebe-63f4584e489f,Opal-User-1811,Opal-User-1811@dev.platform.hmcts.net,,
911006c6-8e7a-44e8-a514-b9e255406e85,Opal-User-1812,Opal-User-1812@dev.platform.hmcts.net,,
89fcb91c-7963-470e-bcc8-af84a8e547e1,Opal-User-1813,Opal-User-1813@dev.platform.hmcts.net,,
bbddf6fd-818f-4e04-84e8-d6601ad7c4e2,Opal-User-1814,Opal-User-1814@dev.platform.hmcts.net,,
25384c64-99dc-48ef-8340-ddf31741d7c6,Opal-User-1815,Opal-User-1815@dev.platform.hmcts.net,,
0f775f5b-bb7a-4fc2-823e-b0ba2f75abee,Opal-User-1816,Opal-User-1816@dev.platform.hmcts.net,,
7df1d67e-445a-4363-af54-80645e0cec82,Opal-User-1817,Opal-User-1817@dev.platform.hmcts.net,,
d1c6b4ee-5014-4df8-93c7-90c3ba562f89,Opal-User-1818,Opal-User-1818@dev.platform.hmcts.net,,
e9ed813a-8b3b-4e50-98e3-a90c5bb4297d,Opal-User-1819,Opal-User-1819@dev.platform.hmcts.net,,
f51f0480-aad2-4ca1-b042-dae980b6c0e5,Opal-User-1820,Opal-User-1820@dev.platform.hmcts.net,,
fdb0a8b9-7daf-4307-9c31-2bf83643d66d,Opal-User-1821,Opal-User-1821@dev.platform.hmcts.net,,
44498832-292f-4568-bb39-c5a83220f3f3,Opal-User-1822,Opal-User-1822@dev.platform.hmcts.net,,
6edf6da4-a70d-4927-bb9b-218d5536fc4e,Opal-User-1823,Opal-User-1823@dev.platform.hmcts.net,,
ff23ec88-acb4-4e00-8864-f0cc0c961e0a,Opal-User-1824,Opal-User-1824@dev.platform.hmcts.net,,
75d6bde0-9012-4f68-be02-a4d11f9a293b,Opal-User-1825,Opal-User-1825@dev.platform.hmcts.net,,
6795af60-7a83-453f-9ac2-f09734248364,Opal-User-1826,Opal-User-1826@dev.platform.hmcts.net,,
1dc58634-0a01-42d8-96c2-c07b97ec4a2e,Opal-User-1827,Opal-User-1827@dev.platform.hmcts.net,,
c262e818-11be-4f3f-981e-1d30e20fd064,Opal-User-1828,Opal-User-1828@dev.platform.hmcts.net,,
e568bbb6-b4b3-41b7-a61e-472494b9e9e5,Opal-User-1829,Opal-User-1829@dev.platform.hmcts.net,,
187d95b9-47f0-4bae-96d0-c141d53bcd3e,Opal-User-1830,Opal-User-1830@dev.platform.hmcts.net,,
ad38508e-7d48-41d2-9be4-517dcb8fefcf,Opal-User-1831,Opal-User-1831@dev.platform.hmcts.net,,
0ca7970d-1ceb-4c01-b7f9-8754d62c04e3,Opal-User-1832,Opal-User-1832@dev.platform.hmcts.net,,
ae523963-34f0-4dca-b982-df0b6af3b8c8,Opal-User-1833,Opal-User-1833@dev.platform.hmcts.net,,
8682544f-9eb5-4d77-b647-0143e9246953,Opal-User-1834,Opal-User-1834@dev.platform.hmcts.net,,
0a4a0c85-470c-4509-bd41-ca2432eda923,Opal-User-1835,Opal-User-1835@dev.platform.hmcts.net,,
24cbb714-21ec-4df7-9732-64e937f2fd24,Opal-User-1836,Opal-User-1836@dev.platform.hmcts.net,,
d92fd6c3-f662-40b8-8dcd-90c7b6641447,Opal-User-1837,Opal-User-1837@dev.platform.hmcts.net,,
99974f55-c68c-4836-84fc-0f8a709e88aa,Opal-User-1838,Opal-User-1838@dev.platform.hmcts.net,,
060acbb1-7bb8-4973-b0b9-9788d3197b95,Opal-User-1839,Opal-User-1839@dev.platform.hmcts.net,,
a4a25e76-6485-4ddf-9822-e3fb6785800a,Opal-User-1840,Opal-User-1840@dev.platform.hmcts.net,,
87d01fc8-1a3e-44f7-bda4-2a4f574bf3ab,Opal-User-1841,Opal-User-1841@dev.platform.hmcts.net,,
1c2bbe8b-df3d-4e3c-9a9c-5aa71671e72d,Opal-User-1842,Opal-User-1842@dev.platform.hmcts.net,,
16e7efb5-5fb2-4789-9e57-6069f970dbb9,Opal-User-1843,Opal-User-1843@dev.platform.hmcts.net,,
6de2ef43-bbe8-488e-b525-aef3aef4088c,Opal-User-1844,Opal-User-1844@dev.platform.hmcts.net,,
060fd25c-e5ed-4c4d-96f0-aacb8d2c756e,Opal-User-1845,Opal-User-1845@dev.platform.hmcts.net,,
d88b0ce5-7669-41b3-824b-dad822353976,Opal-User-1846,Opal-User-1846@dev.platform.hmcts.net,,
b7ed48a8-b2ed-42e1-b7ee-9c4c10559968,Opal-User-1847,Opal-User-1847@dev.platform.hmcts.net,,
29b6eaae-9952-4597-9b29-5d508b815877,Opal-User-1848,Opal-User-1848@dev.platform.hmcts.net,,
e728e6cd-a7de-4716-a3e0-7453bf498586,Opal-User-1849,Opal-User-1849@dev.platform.hmcts.net,,
bc673ed8-423c-4679-b933-4cc35891ff98,Opal-User-1850,Opal-User-1850@dev.platform.hmcts.net,,
f846ccf4-b8b2-4a48-9f22-fac1aa135fe5,Opal-User-1851,Opal-User-1851@dev.platform.hmcts.net,,
8b555bea-4638-406f-a5d8-e88e89c28e5f,Opal-User-1852,Opal-User-1852@dev.platform.hmcts.net,,
215186bd-953f-497b-8a32-2c875ed19bdb,Opal-User-1853,Opal-User-1853@dev.platform.hmcts.net,,
a08dc734-b875-48e2-82fd-bc900d65de0b,Opal-User-1854,Opal-User-1854@dev.platform.hmcts.net,,
b711df39-986d-423b-b968-91aea1e538d3,Opal-User-1855,Opal-User-1855@dev.platform.hmcts.net,,
c060b02d-40b3-4ad7-b3bb-cf30d624e668,Opal-User-1856,Opal-User-1856@dev.platform.hmcts.net,,
3e27f312-2dda-4023-8ffa-4eb21141123d,Opal-User-1857,Opal-User-1857@dev.platform.hmcts.net,,
6df92213-c48b-4e0d-b96d-3885d24dbc89,Opal-User-1858,Opal-User-1858@dev.platform.hmcts.net,,
b13c16f5-32c9-4ca8-8575-14a9a398f1ee,Opal-User-1859,Opal-User-1859@dev.platform.hmcts.net,,
1f96cfff-22c8-4a56-a2c2-ef3884ca6576,Opal-User-1860,Opal-User-1860@dev.platform.hmcts.net,,
963b863b-cc81-4321-9634-58d2d9550f7c,Opal-User-1861,Opal-User-1861@dev.platform.hmcts.net,,
93bcaa85-fc9c-4df8-8093-03dc057187b5,Opal-User-1862,Opal-User-1862@dev.platform.hmcts.net,,
0fe29b27-8c3b-4c04-887b-8d8fe5ca1482,Opal-User-1863,Opal-User-1863@dev.platform.hmcts.net,,
6171a92d-dab1-4377-8e21-9750392c5cb4,Opal-User-1864,Opal-User-1864@dev.platform.hmcts.net,,
9d23cae5-4c3b-499e-8e3c-024b40d3dfa0,Opal-User-1865,Opal-User-1865@dev.platform.hmcts.net,,
85464804-7d3a-49ed-9b01-d8bbc41752f8,Opal-User-1866,Opal-User-1866@dev.platform.hmcts.net,,
8a343675-9b7d-4fe4-aae2-4d9d477a9b04,Opal-User-1867,Opal-User-1867@dev.platform.hmcts.net,,
cd3cf58e-7f92-4fa9-a854-91ce8182867f,Opal-User-1868,Opal-User-1868@dev.platform.hmcts.net,,
6e5dee0e-0763-4331-9677-b8bbc925aa7c,Opal-User-1869,Opal-User-1869@dev.platform.hmcts.net,,
c90821f2-1d2a-4450-8abb-60f83bb9b6f0,Opal-User-1870,Opal-User-1870@dev.platform.hmcts.net,,
86149e2d-6011-4002-ada7-b61fabe43f0f,Opal-User-1871,Opal-User-1871@dev.platform.hmcts.net,,
c79b435d-1898-4c32-975b-7b4fc85c1334,Opal-User-1872,Opal-User-1872@dev.platform.hmcts.net,,
6280115f-ef66-4184-a194-d5f247a2f66b,Opal-User-1873,Opal-User-1873@dev.platform.hmcts.net,,
33f3c460-9bc0-4e44-8490-0af7b0c254f5,Opal-User-1874,Opal-User-1874@dev.platform.hmcts.net,,
085f0951-8edf-457d-be55-5c696181518a,Opal-User-1875,Opal-User-1875@dev.platform.hmcts.net,,
68365b4d-e17d-4772-af2c-d938950d6ad7,Opal-User-1876,Opal-User-1876@dev.platform.hmcts.net,,
c0c8f461-2c35-45ed-99b0-759f9b9c4420,Opal-User-1877,Opal-User-1877@dev.platform.hmcts.net,,
f2623302-4d61-4679-be4e-d98a790c7e47,Opal-User-1878,Opal-User-1878@dev.platform.hmcts.net,,
851603e0-2540-4daa-99a4-06b317718f55,Opal-User-1879,Opal-User-1879@dev.platform.hmcts.net,,
d38ba903-195f-45ea-8245-2acb1a1de3a1,Opal-User-1880,Opal-User-1880@dev.platform.hmcts.net,,
35e24292-c957-4e4e-8c10-76ad61e22cf1,Opal-User-1881,Opal-User-1881@dev.platform.hmcts.net,,
551b9d94-480c-4339-a443-6d38817e04a2,Opal-User-1882,Opal-User-1882@dev.platform.hmcts.net,,
6d058598-b44f-49c1-a8c9-3322ca49a16f,Opal-User-1883,Opal-User-1883@dev.platform.hmcts.net,,
5849352d-8ed9-4a0b-aa2b-2679129d9619,Opal-User-1884,Opal-User-1884@dev.platform.hmcts.net,,
4f7ceab7-0f89-4e26-9b1c-a46a013e80ff,Opal-User-1885,Opal-User-1885@dev.platform.hmcts.net,,
1a2d6ab7-9302-480c-a93f-f7a64ac725a0,Opal-User-1886,Opal-User-1886@dev.platform.hmcts.net,,
a45cb82b-0f1f-41e3-b02a-bce307cf1dc4,Opal-User-1887,Opal-User-1887@dev.platform.hmcts.net,,
17f821ff-ee0e-4963-bd0d-f8829766aff3,Opal-User-1888,Opal-User-1888@dev.platform.hmcts.net,,
1f0cc29f-b278-4f99-92fa-a86a4793c215,Opal-User-1889,Opal-User-1889@dev.platform.hmcts.net,,
faa8a442-2e69-4abf-9d8e-50fb9aed3e82,Opal-User-1890,Opal-User-1890@dev.platform.hmcts.net,,
99a7277d-3ca9-4593-932a-538e30de3181,Opal-User-1891,Opal-User-1891@dev.platform.hmcts.net,,
512fd37c-3b7a-461b-bdf1-f134d20ee41f,Opal-User-1892,Opal-User-1892@dev.platform.hmcts.net,,
d1bf22b8-411d-4bae-b751-1bcc58df39b4,Opal-User-1893,Opal-User-1893@dev.platform.hmcts.net,,
bf13cccc-6f70-427f-84c5-0610847bc8cb,Opal-User-1894,Opal-User-1894@dev.platform.hmcts.net,,
3c509092-1f2f-4844-8034-c706430abc95,Opal-User-1895,Opal-User-1895@dev.platform.hmcts.net,,
06d7dbbe-8ddb-4896-82d1-7fc9f515766b,Opal-User-1896,Opal-User-1896@dev.platform.hmcts.net,,
127ca1c4-400d-4038-a32f-3e5a5df1bac0,Opal-User-1897,Opal-User-1897@dev.platform.hmcts.net,,
b5cc1da2-e81f-42e9-bde1-05d34b23e961,Opal-User-1898,Opal-User-1898@dev.platform.hmcts.net,,
5ad8cfc0-f9c0-454c-a989-172a93688e7c,Opal-User-1899,Opal-User-1899@dev.platform.hmcts.net,,
bbaeba68-e28c-4d64-a5ca-9fbd9652f691,Opal-User-1900,Opal-User-1900@dev.platform.hmcts.net,,
6b180ac2-2d73-418f-8486-7954abbb2639,Opal-User-1901,Opal-User-1901@dev.platform.hmcts.net,,
cb1dfbab-dd9c-4b4f-9786-f1d485012ea1,Opal-User-1902,Opal-User-1902@dev.platform.hmcts.net,,
073d1be4-b59d-4f3b-ae53-3006bb3543be,Opal-User-1903,Opal-User-1903@dev.platform.hmcts.net,,
1a932843-ae7f-4fd7-9fca-7401a50dbd72,Opal-User-1904,Opal-User-1904@dev.platform.hmcts.net,,
d837e6b3-71ec-43c4-9579-10921601b79e,Opal-User-1905,Opal-User-1905@dev.platform.hmcts.net,,
948a8ddf-9f11-490c-b52c-884bfa4024a5,Opal-User-1906,Opal-User-1906@dev.platform.hmcts.net,,
1180ba9d-bd07-44df-b59c-7cf5d044683c,Opal-User-1907,Opal-User-1907@dev.platform.hmcts.net,,
fdc653c1-e5c3-41b2-86c1-efd5830498bd,Opal-User-1908,Opal-User-1908@dev.platform.hmcts.net,,
0f0e8bd1-b0e9-4e53-b51d-dd09983d6490,Opal-User-1909,Opal-User-1909@dev.platform.hmcts.net,,
06733ec1-f821-4dee-9cda-25555482cfb1,Opal-User-1910,Opal-User-1910@dev.platform.hmcts.net,,
d379403f-1c24-4efb-89ff-0c7fb6fd69a3,Opal-User-1911,Opal-User-1911@dev.platform.hmcts.net,,
fd6dfce7-5807-48fd-a44d-9fc842dce832,Opal-User-1912,Opal-User-1912@dev.platform.hmcts.net,,
b6afff52-a0ff-485e-be90-f80fd80fad89,Opal-User-1913,Opal-User-1913@dev.platform.hmcts.net,,
2343984f-129f-4c4a-8bdc-157aebbfcc2e,Opal-User-1914,Opal-User-1914@dev.platform.hmcts.net,,
bfe0ccd0-2279-4643-98bf-ad27d05d99c3,Opal-User-1915,Opal-User-1915@dev.platform.hmcts.net,,
ff772dd6-4234-477c-816a-057ca1ba76d6,Opal-User-1916,Opal-User-1916@dev.platform.hmcts.net,,
ed0b7395-9522-461c-860d-92371fd9b38c,Opal-User-1917,Opal-User-1917@dev.platform.hmcts.net,,
cadbea67-52b8-4786-9f90-63e5cebfb486,Opal-User-1918,Opal-User-1918@dev.platform.hmcts.net,,
81169b86-4c8c-4049-9190-2ac76e939caa,Opal-User-1919,Opal-User-1919@dev.platform.hmcts.net,,
cba10c5c-2ccd-497a-9c5b-1dc59a402cc5,Opal-User-1920,Opal-User-1920@dev.platform.hmcts.net,,
02d9f7cc-453d-4ff5-b406-a305dba584b7,Opal-User-1921,Opal-User-1921@dev.platform.hmcts.net,,
34a0b674-09d4-4073-a363-07a875a10bfd,Opal-User-1922,Opal-User-1922@dev.platform.hmcts.net,,
360006c9-93f4-415b-8000-040708af2022,Opal-User-1923,Opal-User-1923@dev.platform.hmcts.net,,
b8790ef8-e423-4d33-bcff-c2d60330621d,Opal-User-1924,Opal-User-1924@dev.platform.hmcts.net,,
e4594b35-7037-4016-96d8-d1ef45aaf318,Opal-User-1925,Opal-User-1925@dev.platform.hmcts.net,,
0482d3cd-e662-4c9a-9620-49458d75964b,Opal-User-1926,Opal-User-1926@dev.platform.hmcts.net,,
6ac26db6-46b6-4baf-a699-72377f1e6bf0,Opal-User-1927,Opal-User-1927@dev.platform.hmcts.net,,
3a5cfd14-66a5-415c-89a0-334ed8fe59c0,Opal-User-1928,Opal-User-1928@dev.platform.hmcts.net,,
28649a4c-d8c8-48af-b106-c08bb5376481,Opal-User-1929,Opal-User-1929@dev.platform.hmcts.net,,
b1d1f3ff-473a-4512-b34e-598dac131b87,Opal-User-1930,Opal-User-1930@dev.platform.hmcts.net,,
5d3e8f0c-29b4-4c24-a8e2-f6e2ab1d6197,Opal-User-1931,Opal-User-1931@dev.platform.hmcts.net,,
6118eceb-343b-4cd2-b05a-f4722bb2d9a5,Opal-User-1932,Opal-User-1932@dev.platform.hmcts.net,,
5f3cab7d-bff6-43cc-a363-ffb451b59acd,Opal-User-1933,Opal-User-1933@dev.platform.hmcts.net,,
11e886f9-a692-4f87-b238-31826d0310e1,Opal-User-1934,Opal-User-1934@dev.platform.hmcts.net,,
bac97944-8eb0-4bfe-bef9-1bbbd9b97d2c,Opal-User-1935,Opal-User-1935@dev.platform.hmcts.net,,
1846b40c-532d-4be2-a181-68579df81c1c,Opal-User-1936,Opal-User-1936@dev.platform.hmcts.net,,
bc76ba11-e85e-4992-868b-518b033bf7f8,Opal-User-1937,Opal-User-1937@dev.platform.hmcts.net,,
550d73a9-b660-4d1b-a532-0889c7a717ce,Opal-User-1938,Opal-User-1938@dev.platform.hmcts.net,,
6daa0df0-60d6-4831-9ab6-9da70453c812,Opal-User-1939,Opal-User-1939@dev.platform.hmcts.net,,
fe12c7ea-6622-492f-a78a-06e94d185295,Opal-User-1940,Opal-User-1940@dev.platform.hmcts.net,,
7979afff-108f-49a6-bd92-b9314f2be6f7,Opal-User-1941,Opal-User-1941@dev.platform.hmcts.net,,
e6830268-709d-4191-9a41-e4015f968200,Opal-User-1942,Opal-User-1942@dev.platform.hmcts.net,,
3749a96e-4393-4b60-8a76-ee1f2253295b,Opal-User-1943,Opal-User-1943@dev.platform.hmcts.net,,
6a6e87d9-db2d-4fe4-a93b-131ff35cf9db,Opal-User-1944,Opal-User-1944@dev.platform.hmcts.net,,
53e83404-a946-4d16-b67a-0dbd0df4bb4f,Opal-User-1945,Opal-User-1945@dev.platform.hmcts.net,,
e9a319e5-3c75-44ed-98fb-b190443a79d4,Opal-User-1946,Opal-User-1946@dev.platform.hmcts.net,,
55ccda82-3472-4cfe-8431-6e0c8c7d7b16,Opal-User-1947,Opal-User-1947@dev.platform.hmcts.net,,
1f8203b8-ff30-41eb-9935-ebe88db5833b,Opal-User-1948,Opal-User-1948@dev.platform.hmcts.net,,
d04d378f-7f49-4195-a729-0ca1c3ae1e71,Opal-User-1949,Opal-User-1949@dev.platform.hmcts.net,,
dbfaf37f-fd8f-4e80-a958-afe82708a2d1,Opal-User-1950,Opal-User-1950@dev.platform.hmcts.net,,
81ced826-f188-4064-9675-0a68305b217d,Opal-User-1951,Opal-User-1951@dev.platform.hmcts.net,,
eb880176-f87a-4ea2-b549-23f55bfa73ad,Opal-User-1952,Opal-User-1952@dev.platform.hmcts.net,,
ba352c7e-3037-4b4a-b7bc-c778176b2f77,Opal-User-1953,Opal-User-1953@dev.platform.hmcts.net,,
270131ef-c016-4307-9942-e99e85e89cbd,Opal-User-1954,Opal-User-1954@dev.platform.hmcts.net,,
76e69931-038d-4c73-ad09-a2ddc1fe3da3,Opal-User-1955,Opal-User-1955@dev.platform.hmcts.net,,
1359986e-4b9d-48d6-9f6d-71ac612fdcff,Opal-User-1956,Opal-User-1956@dev.platform.hmcts.net,,
25c4a78b-27ce-4587-885c-fcbf8e1b631f,Opal-User-1957,Opal-User-1957@dev.platform.hmcts.net,,
ffa20f76-9de5-416b-8e69-56d6b246d86b,Opal-User-1958,Opal-User-1958@dev.platform.hmcts.net,,
9febe9a4-bfb6-4061-9e15-f588d306804a,Opal-User-1959,Opal-User-1959@dev.platform.hmcts.net,,
bd80e8da-69d7-412a-9da1-5448b90fac05,Opal-User-1960,Opal-User-1960@dev.platform.hmcts.net,,
f08ab525-9fbe-4d76-92f2-802c0e9b772c,Opal-User-1961,Opal-User-1961@dev.platform.hmcts.net,,
66c11ae9-9d5d-49e3-9c15-3c6cf9ea3332,Opal-User-1962,Opal-User-1962@dev.platform.hmcts.net,,
9292aaf0-880b-4796-8b8f-f2537d6e98c0,Opal-User-1963,Opal-User-1963@dev.platform.hmcts.net,,
01eaf70f-c5e3-4243-a3bd-19c6f12aebbb,Opal-User-1964,Opal-User-1964@dev.platform.hmcts.net,,
921cac8d-25bf-4d24-b73a-00e0b12f989c,Opal-User-1965,Opal-User-1965@dev.platform.hmcts.net,,
9e0c5d0e-a745-44ae-9970-0c1c322ee3f9,Opal-User-1966,Opal-User-1966@dev.platform.hmcts.net,,
cef33946-6809-4085-af93-5efa17a3dab2,Opal-User-1967,Opal-User-1967@dev.platform.hmcts.net,,
605afae1-7d74-4c6c-877f-152c854b73af,Opal-User-1968,Opal-User-1968@dev.platform.hmcts.net,,
56b82f2b-d20e-49e6-8be6-6ddcd2a4cec5,Opal-User-1969,Opal-User-1969@dev.platform.hmcts.net,,
a622f70c-31e4-4e02-833a-0698c08e2898,Opal-User-1970,Opal-User-1970@dev.platform.hmcts.net,,
c4a6e561-6f1c-477a-90e8-c9f254046c8f,Opal-User-1971,Opal-User-1971@dev.platform.hmcts.net,,
154f581f-1ccb-408a-b834-bce696c4dc71,Opal-User-1972,Opal-User-1972@dev.platform.hmcts.net,,
2b50a21b-cb87-46bf-a6f4-336f29e30638,Opal-User-1973,Opal-User-1973@dev.platform.hmcts.net,,
edb5cf22-9b70-43ae-ab5d-f39fd783363f,Opal-User-1974,Opal-User-1974@dev.platform.hmcts.net,,
4db55afa-44bc-4233-a0cc-46318f36f4ee,Opal-User-1975,Opal-User-1975@dev.platform.hmcts.net,,
dd6dacfb-06bd-4227-be90-daafadb4b792,Opal-User-1976,Opal-User-1976@dev.platform.hmcts.net,,
aa40ecff-a83d-4156-adc3-ecbf8864376d,Opal-User-1977,Opal-User-1977@dev.platform.hmcts.net,,
712c4d78-ba18-4ab4-8a6d-1ae08d403f0d,Opal-User-1978,Opal-User-1978@dev.platform.hmcts.net,,
ada8f716-22d3-4045-a6c1-61e8df582a81,Opal-User-1979,Opal-User-1979@dev.platform.hmcts.net,,
b55bd786-f435-4453-9a9d-22fcb88267b6,Opal-User-1980,Opal-User-1980@dev.platform.hmcts.net,,
7a8f00c3-bcc8-4628-ac24-fb0c5c648114,Opal-User-1981,Opal-User-1981@dev.platform.hmcts.net,,
17426d06-0e09-456f-ad76-79a49a67ca4b,Opal-User-1982,Opal-User-1982@dev.platform.hmcts.net,,
3efbf5e0-fde6-4dca-813f-cc6dd526224a,Opal-User-1983,Opal-User-1983@dev.platform.hmcts.net,,
2a56ff42-5275-40df-a3fc-a8a3bd73b7e6,Opal-User-1984,Opal-User-1984@dev.platform.hmcts.net,,
6b8f4925-ebbe-4ca7-bb4f-e6af1528f9a9,Opal-User-1985,Opal-User-1985@dev.platform.hmcts.net,,
2f14e0c8-40a0-499a-bf6d-a8238ab6d6b6,Opal-User-1986,Opal-User-1986@dev.platform.hmcts.net,,
1fc65e69-6f01-4f0d-90a1-28dadadc9bd7,Opal-User-1987,Opal-User-1987@dev.platform.hmcts.net,,
2764b2dc-ea71-440b-ba08-4059a5262033,Opal-User-1988,Opal-User-1988@dev.platform.hmcts.net,,
fc25737d-5a3e-4770-ba91-3c40bcd727a2,Opal-User-1989,Opal-User-1989@dev.platform.hmcts.net,,
0eabe1bf-b10d-4659-9041-580804e18c00,Opal-User-1990,Opal-User-1990@dev.platform.hmcts.net,,
9fb0e245-7e9c-49df-ab82-31953ea3bf8c,Opal-User-1991,Opal-User-1991@dev.platform.hmcts.net,,
29a063cf-dad2-4852-ac75-1bab98942e6c,Opal-User-1992,Opal-User-1992@dev.platform.hmcts.net,,
69898bf2-686b-43a8-a319-efc4554fdcfe,Opal-User-1993,Opal-User-1993@dev.platform.hmcts.net,,
c188282b-9160-4ee5-83e4-13f68d374195,Opal-User-1994,Opal-User-1994@dev.platform.hmcts.net,,
3ee9fdd3-c98d-4efd-a9de-389c5960b8ed,Opal-User-1995,Opal-User-1995@dev.platform.hmcts.net,,
4aee279b-a0c2-464f-aeb8-b7161d1c672a,Opal-User-1996,Opal-User-1996@dev.platform.hmcts.net,,
271bad05-60d9-4dca-aa07-f8454e358f81,Opal-User-1997,Opal-User-1997@dev.platform.hmcts.net,,
89761b3c-c611-4bd2-a2b7-917cfaf7ce5b,Opal-User-1998,Opal-User-1998@dev.platform.hmcts.net,,
f89ccb7b-e5e6-4a54-95aa-12db258993ea,Opal-User-1999,Opal-User-1999@dev.platform.hmcts.net,,
e2b2cd57-8cb1-4aad-a08e-c0504e6e1400,Opal-User-2000,Opal-User-2000@dev.platform.hmcts.net,,
